author,cid,comment,commentsCount,pageUrl,title,videoId
@rayhanirfander7723,UgzVnc3bxMaD_lYzLAh4AaABAg,"Gegara Deepfakenya Andrew Garfield Akhirnya Ngesearch Video Deepfake Dan  Nemu Channel Ini, Videonya Sangat Bermanfaat Sekali Trimakasih",134,https://www.youtube.com/watch?v=QvVaIIVzrNo,Kemampuan Teknologi Deepfake,QvVaIIVzrNo
@bangjunior4973,Ugwdm9PEL__IWZYCHDt4AaABAg,"Terimakasih bang, ilmunya bermanfaat. Semangat. Ijin share üôè",134,https://www.youtube.com/watch?v=QvVaIIVzrNo,Kemampuan Teknologi Deepfake,QvVaIIVzrNo
@cadileka8899,Ugz04GkR3pwKA7CPPqt4AaABAg,"ANJRIT CHANEL BAGUS INI",134,https://www.youtube.com/watch?v=QvVaIIVzrNo,Kemampuan Teknologi Deepfake,QvVaIIVzrNo
@mrnjksp9700,UgwM-s1F7Ddod-pE7lJ4AaABAg,"Kerana UEL aq belajar kaji tentang deepfake,ahirnya aq jumpa chanel ini,ternyata ada sesuatu mengenai feepfake... üëç",134,https://www.youtube.com/watch?v=QvVaIIVzrNo,Kemampuan Teknologi Deepfake,QvVaIIVzrNo
@kohLeeDjocdja,UgxuDXK5R2bsR8w5NrJ4AaABAg,"Pakai koding2 itu ya ?... yg pakai software ada kah ?....",134,https://www.youtube.com/watch?v=QvVaIIVzrNo,Kemampuan Teknologi Deepfake,QvVaIIVzrNo
@kagetin3380,Ugw9BOQ_F9pZSB2k-TV4AaABAg,"ronaldo: Beli semua di shopee, geratis onkieeerw",134,https://www.youtube.com/watch?v=QvVaIIVzrNo,Kemampuan Teknologi Deepfake,QvVaIIVzrNo
@sotongannogaya6916,UgwE5_-DLvWFOw4P6QZ4AaABAg,"Deepfake itu offline atau online bang ?",134,https://www.youtube.com/watch?v=QvVaIIVzrNo,Kemampuan Teknologi Deepfake,QvVaIIVzrNo
@napuzu,Ugx_jXSUicD5ChTCEqR4AaABAg,"alasan kenapa idol luar kalau livesteam IG pakai filter menor.",134,https://www.youtube.com/watch?v=QvVaIIVzrNo,Kemampuan Teknologi Deepfake,QvVaIIVzrNo
@kepoinaja2548,UgxcV0YmuR7BXkVsEFJ4AaABAg,"Dame Dane Dame yo Dame da doyo awokwokwokwok",134,https://www.youtube.com/watch?v=QvVaIIVzrNo,Kemampuan Teknologi Deepfake,QvVaIIVzrNo
@rowleyaseng2216,UgwEIgp368DkUnQX-0F4AaABAg,"Di twitter lain cerita deepfakenya. #iykwim",134,https://www.youtube.com/watch?v=QvVaIIVzrNo,Kemampuan Teknologi Deepfake,QvVaIIVzrNo
@AbidienMahaja,UgxKG1CrrygHKzha0dR4AaABAg,"Gila luar biasa ternyata dampak diciptakannya deepfake",134,https://www.youtube.com/watch?v=QvVaIIVzrNo,Kemampuan Teknologi Deepfake,QvVaIIVzrNo
@aseven7777,UgwfUeyFRtZ_eDIKbJR4AaABAg,"Yg bahaya kalo teknologi ini digunakan untuk memfitnah/menipu",134,https://www.youtube.com/watch?v=QvVaIIVzrNo,Kemampuan Teknologi Deepfake,QvVaIIVzrNo
@prepareid4909,UgzrDomRgEVqL4WoOsl4AaABAg,"sdh pasti nih di pake perang dunia 3 dan   perang informasi di Ukraina ,  presiden nya pelawak",134,https://www.youtube.com/watch?v=QvVaIIVzrNo,Kemampuan Teknologi Deepfake,QvVaIIVzrNo
@rangga709,Ugy_7JdnlzLa1AAhBBh4AaABAg,"Awal mula nonton ip man 4 ada bruce lee nya, ternyata itu deepfake. Alhasil coba lihat video ini biar makin paham apa itu deepfake üòÇ",134,https://www.youtube.com/watch?v=QvVaIIVzrNo,Kemampuan Teknologi Deepfake,QvVaIIVzrNo
@galuhayundan4456,UgyM3gZ3qqYdxSXunx54AaABAg,"Informasi yang bagus!",134,https://www.youtube.com/watch?v=QvVaIIVzrNo,Kemampuan Teknologi Deepfake,QvVaIIVzrNo
@ragilsaputra2371,Ugwe8RnJDWVz-WndK2l4AaABAg.9UWSN9W0Xqq9UZHpSho8-O,"a23 Maksud saya tabayun (klarifikasi) bro. Biar kalau ada berita/kejadian ini itu jangan langsung telan bulat-bulat. Namun di klarifikasi dulu dari sumber terpercaya.",134,https://www.youtube.com/watch?v=QvVaIIVzrNo,Kemampuan Teknologi Deepfake,QvVaIIVzrNo
@kertasandpena,Ugzo3M9YEq9OdQbQt8d4AaABAg.9TJWxMAQWyF9TKFcpRcn9q,"Hah?",134,https://www.youtube.com/watch?v=QvVaIIVzrNo,Kemampuan Teknologi Deepfake,QvVaIIVzrNo
@dareenweee,UgzhuJ-qMOAYBHf90Qp4AaABAg,"Siapa sini garagara 19detik?",134,https://www.youtube.com/watch?v=QvVaIIVzrNo,Kemampuan Teknologi Deepfake,QvVaIIVzrNo
@muhammadrafaa8692,Ugzf8HWyjz9UrxcPT754AaABAg,"Sementara kita pake deepfake di 2020 untuk membuat meme",134,https://www.youtube.com/watch?v=QvVaIIVzrNo,Kemampuan Teknologi Deepfake,QvVaIIVzrNo
@soda1684,Ugw97GS94MYOqMtBqiV4AaABAg,"yg kesini gara gara gisel hadir",134,https://www.youtube.com/watch?v=QvVaIIVzrNo,Kemampuan Teknologi Deepfake,QvVaIIVzrNo
@asuslaptop4627,Ugy88dS92OBTNDbI2wN4AaABAg,"wow...kerennn",134,https://www.youtube.com/watch?v=QvVaIIVzrNo,Kemampuan Teknologi Deepfake,QvVaIIVzrNo
@orangiseng7039,Ugyb08WfxqB3uiqG8RN4AaABAg,"Wow...Keren bro...Manthap Ilmunya",134,https://www.youtube.com/watch?v=QvVaIIVzrNo,Kemampuan Teknologi Deepfake,QvVaIIVzrNo
@eddiearrazy,UgydJCq455HhEKCIVbJ4AaABAg,"aplikasi fitnah dajjal",134,https://www.youtube.com/watch?v=QvVaIIVzrNo,Kemampuan Teknologi Deepfake,QvVaIIVzrNo
@mra2239,UgxTUA7w23Hkg9E_2EJ4AaABAg,"Bang saya pengen link first order model",134,https://www.youtube.com/watch?v=QvVaIIVzrNo,Kemampuan Teknologi Deepfake,QvVaIIVzrNo
@thewatcher7597,UgxUk1mZvw8U9IxkQ194AaABAg,"downloadnya dimana",134,https://www.youtube.com/watch?v=QvVaIIVzrNo,Kemampuan Teknologi Deepfake,QvVaIIVzrNo
@virgi856,UgzOZUOMDrdtiays_1x4AaABAg,"Semakin real semakin menyeramkan. Bisa di salahgunakan orang. Terutama buat kriminal seperti penipuan. Harusnya aplikasi kaya gini janganlah gampang digunakan semua orang.",134,https://www.youtube.com/watch?v=QvVaIIVzrNo,Kemampuan Teknologi Deepfake,QvVaIIVzrNo
@simbathelion123,Ugx7uWxqHiHzG4YLeNB4AaABAg,"makin kesini makin serem",134,https://www.youtube.com/watch?v=QvVaIIVzrNo,Kemampuan Teknologi Deepfake,QvVaIIVzrNo
@koIesterol,Ugzbesn5vqBZwfTDHGl4AaABAg,"deepfake emang pisau bermata dua, tergantung kita lihat sisi yang mana. jadi manusia di jaman berkembang susah, jangan mudah percaya.",134,https://www.youtube.com/watch?v=QvVaIIVzrNo,Kemampuan Teknologi Deepfake,QvVaIIVzrNo
@perampok_mim,Ugx1Q-IGN6Bq4cBNiah4AaABAg,"Meme deepfake : what?",134,https://www.youtube.com/watch?v=QvVaIIVzrNo,Kemampuan Teknologi Deepfake,QvVaIIVzrNo
@catchannel6856,UgytuTodNL8XIPHqxxp4AaABAg,"Wah bakal di gunakan hal negatif ni, mending di tutup jual ke publik",134,https://www.youtube.com/watch?v=QvVaIIVzrNo,Kemampuan Teknologi Deepfake,QvVaIIVzrNo
@reasky74,Ugy7MXuD05R7Tv09iaZ4AaABAg,"Teknologi maju manusia semakin bodoh",134,https://www.youtube.com/watch?v=QvVaIIVzrNo,Kemampuan Teknologi Deepfake,QvVaIIVzrNo
@fandyid2212,UgzMF5vEW2MYB8zkoKp4AaABAg,"Njirrr baru tau gue ada ginianü§£",134,https://www.youtube.com/watch?v=QvVaIIVzrNo,Kemampuan Teknologi Deepfake,QvVaIIVzrNo
@jodantae1117,UgzWwMyQPrMgF6u-tgl4AaABAg.9RbSmzRhEGc9Uunox2SOOJ,"Asli itu",134,https://www.youtube.com/watch?v=QvVaIIVzrNo,Kemampuan Teknologi Deepfake,QvVaIIVzrNo
@koIesterol,UgzOZUOMDrdtiays_1x4AaABAg.9KSwWAvTdBZ9NxT1F76ZmR,"kalau semua orang udah bisa bikin sendiri 'buku pengaturannya', ngga ada yang bisa hentiin. mawas diri yang utama.",134,https://www.youtube.com/watch?v=QvVaIIVzrNo,Kemampuan Teknologi Deepfake,QvVaIIVzrNo
@ardosaik4080,UgxUk1mZvw8U9IxkQ194AaABAg.9J7e2TLUqK69KdtJk8qVtE,"Di rumag mu",134,https://www.youtube.com/watch?v=QvVaIIVzrNo,Kemampuan Teknologi Deepfake,QvVaIIVzrNo
@KasihTahu,UgxTUA7w23Hkg9E_2EJ4AaABAg.9IJdQcLV4cl9IJvrFmM7Pc,"https://github.com/AliaksandrSiarohin/first-order-model",134,https://www.youtube.com/watch?v=QvVaIIVzrNo,Kemampuan Teknologi Deepfake,QvVaIIVzrNo
@fitmyface6123,UgzHPnvADJa7GRC2z6t4AaABAg.9HRy2RuMqbW9I-o3O2Psv8,"dah ada counternya kok, tapi kalo untuk mengelabui masyarakat awam bahaya banget",134,https://www.youtube.com/watch?v=QvVaIIVzrNo,Kemampuan Teknologi Deepfake,QvVaIIVzrNo
@alexanderludwigthaddeusvandarc,UgzCWY7jnMpIfIMPnTF4AaABAg.9GkNcmm-9sp9RtYbEJ1I4q,"media berita indo dan pemerintah indo terlalu sensitif, tdk ad selera humor, hny krn deepfake pake mukae pak pres dgn baakamitai.",134,https://www.youtube.com/watch?v=QvVaIIVzrNo,Kemampuan Teknologi Deepfake,QvVaIIVzrNo
@eddiearrazy,UgydJCq455HhEKCIVbJ4AaABAg.9Ghwcfflcif9N0TBsmEte7,"aplikasi fitnah dajjal",134,https://www.youtube.com/watch?v=QvVaIIVzrNo,Kemampuan Teknologi Deepfake,QvVaIIVzrNo
@gunawanantigam33,UgydJCq455HhEKCIVbJ4AaABAg.9Ghwcfflcif9N0C3u-Ly5l,"goblok kau,.. dikit2 kaitkan denga agama",134,https://www.youtube.com/watch?v=QvVaIIVzrNo,Kemampuan Teknologi Deepfake,QvVaIIVzrNo
@restuwicaksono267,Ugzf8HWyjz9UrxcPT754AaABAg.9G45P-t1f8C9fywxIGtMJA,"Liat ditahun 2024 deepfake bakal dimanfaatkan/disalahgunakan untuk...",134,https://www.youtube.com/watch?v=QvVaIIVzrNo,Kemampuan Teknologi Deepfake,QvVaIIVzrNo
@alexanderludwigthaddeusvandarc,Ugzf8HWyjz9UrxcPT754AaABAg.9G45P-t1f8C9RtYqgu-ugO,"tdk tahu knp media indo mainstream indo sngt sensi terkait deepfake? apa karena meme pak pres dgn bakamitai? tidk pny selera humor sm skli, makanya sy tdk pernah liat media indo baik itu entertainment maupun berita, entertainment plg lihat bbrp youtuber sj",134,https://www.youtube.com/watch?v=QvVaIIVzrNo,Kemampuan Teknologi Deepfake,QvVaIIVzrNo
@faspacerid,UgwB0KYVn2RvK0jwaK14AaABAg,"yare yare",134,https://www.youtube.com/watch?v=QvVaIIVzrNo,Kemampuan Teknologi Deepfake,QvVaIIVzrNo
@antonyy2927,UgwhfeaQi69Cf3UQ2S94AaABAg,"Nyot nyot",134,https://www.youtube.com/watch?v=QvVaIIVzrNo,Kemampuan Teknologi Deepfake,QvVaIIVzrNo
@aaron9745,UgyWKiP35KU5qO4LbSp4AaABAg,"DAME DANE DAMEYO",134,https://www.youtube.com/watch?v=QvVaIIVzrNo,Kemampuan Teknologi Deepfake,QvVaIIVzrNo
@luckytpf8649,UgxSnlbk-__NVLPeoDl4AaABAg,"DAME DA NE",134,https://www.youtube.com/watch?v=QvVaIIVzrNo,Kemampuan Teknologi Deepfake,QvVaIIVzrNo
@suzilazahri4776,UgzYc_R-QmJQgtT5MO94AaABAg,"Dame da ne",134,https://www.youtube.com/watch?v=QvVaIIVzrNo,Kemampuan Teknologi Deepfake,QvVaIIVzrNo
@KeozID,UgxgtFG6z8z94NIMfWV4AaABAg,"DAME DA NE",134,https://www.youtube.com/watch?v=QvVaIIVzrNo,Kemampuan Teknologi Deepfake,QvVaIIVzrNo
@rafidadicandra9379,UgzK-KZBrPMlQkfVWb54AaABAg,"Dame da ne dame yo dame da yo",134,https://www.youtube.com/watch?v=QvVaIIVzrNo,Kemampuan Teknologi Deepfake,QvVaIIVzrNo
@Upload5MenitLovers,UgyC0khGvPUqT64TgHV4AaABAg,"Kok gw bingung yaa ini afk apaan sih",134,https://www.youtube.com/watch?v=QvVaIIVzrNo,Kemampuan Teknologi Deepfake,QvVaIIVzrNo
@muhammadnafis8244,UgxXmqkqz9uqQPt6Gmx4AaABAg,"Wow....",134,https://www.youtube.com/watch?v=QvVaIIVzrNo,Kemampuan Teknologi Deepfake,QvVaIIVzrNo
@muhammadzulfiqry4704,UgxF-2xi0ZLkACNwHCR4AaABAg,"Ibu2 be like itu aslii dek liatt donggg mulutnya samaa",134,https://www.youtube.com/watch?v=QvVaIIVzrNo,Kemampuan Teknologi Deepfake,QvVaIIVzrNo
@mafazihafiz2699,UgygVw6j7NkXsdYcftR4AaABAg,"Udah mirip episode Black Mirror",134,https://www.youtube.com/watch?v=QvVaIIVzrNo,Kemampuan Teknologi Deepfake,QvVaIIVzrNo
@nicholaudry415,UgzsdaUFGaCoHqapLfJ4AaABAg,"Gw liat video deepfake keliatan beud editan",134,https://www.youtube.com/watch?v=QvVaIIVzrNo,Kemampuan Teknologi Deepfake,QvVaIIVzrNo
@fauzandwi9024,Ugzu5752SjmrRocSBpx4AaABAg,"Bang nama apk nya apa bang",134,https://www.youtube.com/watch?v=QvVaIIVzrNo,Kemampuan Teknologi Deepfake,QvVaIIVzrNo
@h.ahmadputranto4805,UgwBo5Vijc6AFyv9qDR4AaABAg,"The hell, that was very very very...very dangerous",134,https://www.youtube.com/watch?v=QvVaIIVzrNo,Kemampuan Teknologi Deepfake,QvVaIIVzrNo
@kacerkenangan1303,UgzsAbrajTV9N_9QnjbV4AaABAg,"pliss sedian cara intal conda di windows bang",134,https://www.youtube.com/watch?v=QvVaIIVzrNo,Kemampuan Teknologi Deepfake,QvVaIIVzrNo
@lahmanabisagitunjirchannel9186,Ugyl-wETTG3zMrRaSPp4AaABAg,"kadang jadi meme dame da yo, damede dame dayoooooo, suki de suki sukideeeeeeee, dame da yo palalu suki suki deeeeeeeeeee",134,https://www.youtube.com/watch?v=QvVaIIVzrNo,Kemampuan Teknologi Deepfake,QvVaIIVzrNo
@happyghast12,Ugwl2KfK37J2fvOXe4l4AaABAg,"Dame dane dameyo damenatoyo",134,https://www.youtube.com/watch?v=QvVaIIVzrNo,Kemampuan Teknologi Deepfake,QvVaIIVzrNo
@tutorialmix106,UgxVBRj0XLP9LdCaYCp4AaABAg,"Teknologi fitnah dajjal",134,https://www.youtube.com/watch?v=QvVaIIVzrNo,Kemampuan Teknologi Deepfake,QvVaIIVzrNo
@gunawanantigam33,UgxVBRj0XLP9LdCaYCp4AaABAg.9Fh6TI-ML2M9MyH9ucbyF2,"dajal anajing",134,https://www.youtube.com/watch?v=QvVaIIVzrNo,Kemampuan Teknologi Deepfake,QvVaIIVzrNo
@KasihTahu,UgzAbrajTV9N_9QnjbV4AaABAg.9DwAv4xzmAJ9E6bgMe_J8k,"Saya juga gk tau, krn ini aku buatnya pakai google colaboratory.",134,https://www.youtube.com/watch?v=QvVaIIVzrNo,Kemampuan Teknologi Deepfake,QvVaIIVzrNo
@carljohnson505,UgwBo5Vijc6AFyv9qDR4AaABAg.9DgOs1OW2on9E6bP3zp6d6,"Kan bisa bikin dame dane",134,https://www.youtube.com/watch?v=QvVaIIVzrNo,Kemampuan Teknologi Deepfake,QvVaIIVzrNo
@xprojek8731,Ugzu5752SjmrRocSBpx4AaABAg.9DVlVbB8wmW9EuD8wQDGxe,"@KasihTahu link nya donk bro",134,https://www.youtube.com/watch?v=QvVaIIVzrNo,Kemampuan Teknologi Deepfake,QvVaIIVzrNo
@KasihTahu,Ugzu5752SjmrRocSBpx4AaABAg.9DVlVbB8wmW9DVpGEp5TbG,"Untuk video ini saya pakai first-order-model",134,https://www.youtube.com/watch?v=QvVaIIVzrNo,Kemampuan Teknologi Deepfake,QvVaIIVzrNo
@widodoaja6353,UgxF-2xi0ZLkACNwHCR4AaABAg.9D1Cv2KktWa9W4HMEBc8gb,"Tuh mulutnya bisa ngomong",134,https://www.youtube.com/watch?v=QvVaIIVzrNo,Kemampuan Teknologi Deepfake,QvVaIIVzrNo
@Arrado_v07,UgxF-2xi0ZLkACNwHCR4AaABAg.9D1Cv2KktWa9SKuqbIzUDD,"Asli bagi orang awam",134,https://www.youtube.com/watch?v=QvVaIIVzrNo,Kemampuan Teknologi Deepfake,QvVaIIVzrNo
@drago-kun9854,UgyC0khGvPUqT64TgHV4AaABAg.9CqyGWSJCK59CtPVdASzHb,"@Upload5MenitLovers deepfakes",134,https://www.youtube.com/watch?v=QvVaIIVzrNo,Kemampuan Teknologi Deepfake,QvVaIIVzrNo
@Upload5MenitLovers,UgyC0khGvPUqT64TgHV4AaABAg.9CqyGWSJCK59CtBqIIRxJJ,"@KasihTahu heheh typooo makssudnya apk paan",134,https://www.youtube.com/watch?v=QvVaIIVzrNo,Kemampuan Teknologi Deepfake,QvVaIIVzrNo
@KasihTahu,UgyC0khGvPUqT64TgHV4AaABAg.9CqyGWSJCK59Crhsc6sQjY,"AFK? kalau dalam istilah gaming, away from keyboard",134,https://www.youtube.com/watch?v=QvVaIIVzrNo,Kemampuan Teknologi Deepfake,QvVaIIVzrNo
@33_wildaputracahyaramadhan68,UgyeNjXLihrC6mQ8uSF4AaABAg.9CJ-UGxrgpe9CuHWbPeDdD,"Dame da ne",134,https://www.youtube.com/watch?v=QvVaIIVzrNo,Kemampuan Teknologi Deepfake,QvVaIIVzrNo
@abdullahfahim6134,UgyeNjXLihrC6mQ8uSF4AaABAg.9CJ-UGxrgpe9Ctbxw4ossM,"Flooradu gang",134,https://www.youtube.com/watch?v=QvVaIIVzrNo,Kemampuan Teknologi Deepfake,QvVaIIVzrNo
@dawg3922,UgyeNjXLihrC6mQ8uSF4AaABAg.9CJ-UGxrgpe9CRljwYGaPU,"@DietrichGrafaelEInnah lol",134,https://www.youtube.com/watch?v=QvVaIIVzrNo,Kemampuan Teknologi Deepfake,QvVaIIVzrNo
@DietrichGrafaelEInnah,UgyeNjXLihrC6mQ8uSF4AaABAg.9CJ-UGxrgpe9CPV9T0SGWr,"Gw buat gituan ke temen dikira asli",134,https://www.youtube.com/watch?v=QvVaIIVzrNo,Kemampuan Teknologi Deepfake,QvVaIIVzrNo
@raygieputra,Ugyy22bdEKTyA51YUot4AaABAg.9CHaOnbm9oJ9KbqW_u7LkN,"@shasharose9916 bill gates ngomong di taun 90 ü§¶üèª‚Äç‚ôÇÔ∏è",134,https://www.youtube.com/watch?v=QvVaIIVzrNo,Kemampuan Teknologi Deepfake,QvVaIIVzrNo
@shasharose9916,Ugyy22bdEKTyA51YUot4AaABAg.9CHaOnbm9oJ9JU0MdGtFzZ,"30 tahun depan udah malas pakek media sosial dan internet",134,https://www.youtube.com/watch?v=QvVaIIVzrNo,Kemampuan Teknologi Deepfake,QvVaIIVzrNo
@siaje4189,UgxxMgRtdz4qtZHTutp4AaABAg,"Bagus bro terus buat konten2 yang bermanfaat",134,https://www.youtube.com/watch?v=QvVaIIVzrNo,Kemampuan Teknologi Deepfake,QvVaIIVzrNo
@uzumakiminato7228,UgzW8r7olRbJBVy3Aq94AaABAg,"Bagus videonya",134,https://www.youtube.com/watch?v=QvVaIIVzrNo,Kemampuan Teknologi Deepfake,QvVaIIVzrNo
@muhkandawibawaputra8948,UgxWx7NjKlwjXJfWP8p4AaABAg,"Sangat edukatif sekali!",134,https://www.youtube.com/watch?v=QvVaIIVzrNo,Kemampuan Teknologi Deepfake,QvVaIIVzrNo
@seseorang3290,UgxPHEhIttNyvvuDscR4AaABAg,"Mantap! maju terus bang dengan informasi yg diberikan",134,https://www.youtube.com/watch?v=QvVaIIVzrNo,Kemampuan Teknologi Deepfake,QvVaIIVzrNo
@jackperson7548,UgwwUIpODpUmf7zgjy54AaABAg,"Kalo deep fake secara real time bisa ga bang",134,https://www.youtube.com/watch?v=QvVaIIVzrNo,Kemampuan Teknologi Deepfake,QvVaIIVzrNo
@BiologiAja,Ugyf7UqSSVverQpc7Cl4AaABAg,"Mantaaap. Lanjutkan kak",134,https://www.youtube.com/watch?v=QvVaIIVzrNo,Kemampuan Teknologi Deepfake,QvVaIIVzrNo
@nardiabolical124,Ugx9PM8_bbE5pogMpyl4AaABAg,"Dame dane, dame yo",134,https://www.youtube.com/watch?v=QvVaIIVzrNo,Kemampuan Teknologi Deepfake,QvVaIIVzrNo
@ndraluna,UgwI6uBaYF-rapjlTKB4AaABAg,"Dame dame dame yo dame nano yo",134,https://www.youtube.com/watch?v=QvVaIIVzrNo,Kemampuan Teknologi Deepfake,QvVaIIVzrNo
@realazhar,Ugwjqc_8nMq9CteBRwR4AaABAg,"Dame da ne",134,https://www.youtube.com/watch?v=QvVaIIVzrNo,Kemampuan Teknologi Deepfake,QvVaIIVzrNo
@andymahendra7870,UgyWOWwCa3E1LkwADAl4AaABAg,"Jika salah digunakan. Atau di pelajari secara bebas, indonesia akan hancur dalam waktu dekat. Karena warga indonesia masih terlalu amatir jika menghadapi perkembangan AI yang sangat cepat.",134,https://www.youtube.com/watch?v=QvVaIIVzrNo,Kemampuan Teknologi Deepfake,QvVaIIVzrNo
@zoraluv9486,UgyWOWwCa3E1LkwADAl4AaABAg.9C68pPaJNvY9Rw-96SZ-Fw,"@squishyninjalite1818  https://youtu.be/iyiOVUbsPcM udah berkembang sekarang. Liat video orang ini deepfake jadi tom cruise",134,https://www.youtube.com/watch?v=QvVaIIVzrNo,Kemampuan Teknologi Deepfake,QvVaIIVzrNo
@squishyninjalite1818,UgyWOWwCa3E1LkwADAl4AaABAg.9C68pPaJNvY9CUr5_iRv7q,"@KasihTahu  itu butuh ratusan tahun kawan",134,https://www.youtube.com/watch?v=QvVaIIVzrNo,Kemampuan Teknologi Deepfake,QvVaIIVzrNo
@KasihTahu,UgyWOWwCa3E1LkwADAl4AaABAg.9C68pPaJNvY9CUq5i8-s9e,"Semoga dengan meningkatnya kualitas pendidikan di Indonesia, orang-orang akan lebih pandai menyaring apa yang asli dan yang tidak.",134,https://www.youtube.com/watch?v=QvVaIIVzrNo,Kemampuan Teknologi Deepfake,QvVaIIVzrNo
@andymahendra7870,UgyWOWwCa3E1LkwADAl4AaABAg.9C68pPaJNvY9CIvedLWSfR,"Kalo emak emak kemungkinan akan percaya",134,https://www.youtube.com/watch?v=QvVaIIVzrNo,Kemampuan Teknologi Deepfake,QvVaIIVzrNo
@squishyninjalite1818,UgyWOWwCa3E1LkwADAl4AaABAg.9C68pPaJNvY9CDA4m_1wEi,"Deepfake sekarang masih keliatan palsu",134,https://www.youtube.com/watch?v=QvVaIIVzrNo,Kemampuan Teknologi Deepfake,QvVaIIVzrNo
@YusufGamingq,Ugwjqc_8nMq9CteBRwR4AaABAg.9C0vXj7AuEn9DAIoISLo5S,"( Music )",134,https://www.youtube.com/watch?v=QvVaIIVzrNo,Kemampuan Teknologi Deepfake,QvVaIIVzrNo
@realazhar,Ugwjqc_8nMq9CteBRwR4AaABAg.9C0vXj7AuEn9CjV5tD8yHd,"baka mitai",134,https://www.youtube.com/watch?v=QvVaIIVzrNo,Kemampuan Teknologi Deepfake,QvVaIIVzrNo
@hiyahiya3491,Ugwjqc_8nMq9CteBRwR4AaABAg.9C0vXj7AuEn9CjUfa0qgxO,"Omoida ga",134,https://www.youtube.com/watch?v=QvVaIIVzrNo,Kemampuan Teknologi Deepfake,QvVaIIVzrNo
@MGharriy,Ugwjqc_8nMq9CteBRwR4AaABAg.9C0vXj7AuEn9C_Abtz3NbU,"Yugamanai",134,https://www.youtube.com/watch?v=QvVaIIVzrNo,Kemampuan Teknologi Deepfake,QvVaIIVzrNo
@aaron9745,Ugwjqc_8nMq9CteBRwR4AaABAg.9C0vXj7AuEn9CNZZ9MdHYV,"SUYOI O SAKETEMO",134,https://www.youtube.com/watch?v=QvVaIIVzrNo,Kemampuan Teknologi Deepfake,QvVaIIVzrNo
@rickyk8965,Ugwjqc_8nMq9CteBRwR4AaABAg.9C0vXj7AuEn9CJ003VFh1A,"DARE DAKE",134,https://www.youtube.com/watch?v=QvVaIIVzrNo,Kemampuan Teknologi Deepfake,QvVaIIVzrNo
@dawg3922,Ugwjqc_8nMq9CteBRwR4AaABAg.9C0vXj7AuEn9CJ-I1V4842,"SUKISUGITE",134,https://www.youtube.com/watch?v=QvVaIIVzrNo,Kemampuan Teknologi Deepfake,QvVaIIVzrNo
@ratops3686,Ugwjqc_8nMq9CteBRwR4AaABAg.9C0vXj7AuEn9CJ-0UJvMZC,"ANTA GA, SUKI DE",134,https://www.youtube.com/watch?v=QvVaIIVzrNo,Kemampuan Teknologi Deepfake,QvVaIIVzrNo
@jyuratodus7317,Ugwjqc_8nMq9CteBRwR4AaABAg.9C0vXj7AuEn9CIzi-fwyWu,"DAME NA NO YO",134,https://www.youtube.com/watch?v=QvVaIIVzrNo,Kemampuan Teknologi Deepfake,QvVaIIVzrNo
@slashergeneral306,Ugwjqc_8nMq9CteBRwR4AaABAg.9C0vXj7AuEn9CIrpeXAD2D,"Dame yo",134,https://www.youtube.com/watch?v=QvVaIIVzrNo,Kemampuan Teknologi Deepfake,QvVaIIVzrNo
@harunmasiku5686,UgwI6uBaYF-rapjlTKB4AaABAg.9BofQNCPYAf9PwL71aagw_,"Apaan sih??üòÇ",134,https://www.youtube.com/watch?v=QvVaIIVzrNo,Kemampuan Teknologi Deepfake,QvVaIIVzrNo
@ebenggg,UgwI6uBaYF-rapjlTKB4AaABAg.9BofQNCPYAf9CB3v-TQxVc,"Yugamanai, omoidega, baka mitai:v",134,https://www.youtube.com/watch?v=QvVaIIVzrNo,Kemampuan Teknologi Deepfake,QvVaIIVzrNo
@03cristopher36,UgwI6uBaYF-rapjlTKB4AaABAg.9BofQNCPYAf9CB2LBpDYmG,"@ebenggg  Dore dake tsuyoi osake demo",134,https://www.youtube.com/watch?v=QvVaIIVzrNo,Kemampuan Teknologi Deepfake,QvVaIIVzrNo
@ebenggg,UgwI6uBaYF-rapjlTKB4AaABAg.9BofQNCPYAf9C8IABpDmRT,"Anta ga, Suki de, sukisugite",134,https://www.youtube.com/watch?v=QvVaIIVzrNo,Kemampuan Teknologi Deepfake,QvVaIIVzrNo
@KasihTahu,UgwI6uBaYF-rapjlTKB4AaABAg.9BofQNCPYAf9C2lI8TGlLC,"‚ÄãAgestaDesu Sepertinya saya ketinggalan trend",134,https://www.youtube.com/watch?v=QvVaIIVzrNo,Kemampuan Teknologi Deepfake,QvVaIIVzrNo
@KasihTahu,UgwI6uBaYF-rapjlTKB4AaABAg.9BofQNCPYAf9BqLqV2_N85,"??",134,https://www.youtube.com/watch?v=QvVaIIVzrNo,Kemampuan Teknologi Deepfake,QvVaIIVzrNo
@ebenggg,Ugx9PM8_bbE5pogMpyl4AaABAg.9BjuX1zq4lj9C8KJFL2u2q,"@mmarioowo  anjir udah di kelarin aja_-",134,https://www.youtube.com/watch?v=QvVaIIVzrNo,Kemampuan Teknologi Deepfake,QvVaIIVzrNo
@mmarioowo,Ugx9PM8_bbE5pogMpyl4AaABAg.9BjuX1zq4lj9C8Jrzldd67,"Bakamitai",134,https://www.youtube.com/watch?v=QvVaIIVzrNo,Kemampuan Teknologi Deepfake,QvVaIIVzrNo
@mmarioowo,Ugx9PM8_bbE5pogMpyl4AaABAg.9BjuX1zq4lj9C8JrEjjetN,"Omoite",134,https://www.youtube.com/watch?v=QvVaIIVzrNo,Kemampuan Teknologi Deepfake,QvVaIIVzrNo
@mmarioowo,Ugx9PM8_bbE5pogMpyl4AaABAg.9BjuX1zq4lj9C8JqZEm85r,"Yugamanai",134,https://www.youtube.com/watch?v=QvVaIIVzrNo,Kemampuan Teknologi Deepfake,QvVaIIVzrNo
@mmarioowo,Ugx9PM8_bbE5pogMpyl4AaABAg.9BjuX1zq4lj9C8Jpb-HDSZ,"Tsuyoni no kedemo",134,https://www.youtube.com/watch?v=QvVaIIVzrNo,Kemampuan Teknologi Deepfake,QvVaIIVzrNo
@mmarioowo,Ugx9PM8_bbE5pogMpyl4AaABAg.9BjuX1zq4lj9C8JnZrjDoJ,"Dore dake",134,https://www.youtube.com/watch?v=QvVaIIVzrNo,Kemampuan Teknologi Deepfake,QvVaIIVzrNo
@ebenggg,Ugx9PM8_bbE5pogMpyl4AaABAg.9BjuX1zq4lj9C8HUz-tAE5,"Dame da noyo",134,https://www.youtube.com/watch?v=QvVaIIVzrNo,Kemampuan Teknologi Deepfake,QvVaIIVzrNo
@carljohnson505,Ugx9PM8_bbE5pogMpyl4AaABAg.9BjuX1zq4lj9C2tvnKXOzy,"@KasihTahu  baka mitai :*",134,https://www.youtube.com/watch?v=QvVaIIVzrNo,Kemampuan Teknologi Deepfake,QvVaIIVzrNo
@mmarioowo,Ugx9PM8_bbE5pogMpyl4AaABAg.9BjuX1zq4lj9BqNKHiU59O,"Suki sukige",134,https://www.youtube.com/watch?v=QvVaIIVzrNo,Kemampuan Teknologi Deepfake,QvVaIIVzrNo
@KasihTahu,Ugx9PM8_bbE5pogMpyl4AaABAg.9BjuX1zq4lj9BoaU9o-E_Z,"??",134,https://www.youtube.com/watch?v=QvVaIIVzrNo,Kemampuan Teknologi Deepfake,QvVaIIVzrNo
@carisaraufah8228,Ugx9PM8_bbE5pogMpyl4AaABAg.9BjuX1zq4lj9D8V2XvysiT,"A",134,https://www.youtube.com/watch?v=QvVaIIVzrNo,Kemampuan Teknologi Deepfake,QvVaIIVzrNo
@mmarioowo,Ugx9PM8_bbE5pogMpyl4AaABAg.9BjuX1zq4lj9C9S4RLpCcA,"@ebenggg  yoi:v",134,https://www.youtube.com/watch?v=QvVaIIVzrNo,Kemampuan Teknologi Deepfake,QvVaIIVzrNo
@KasihTahu,UgwwUIpODpUmf7zgjy54AaABAg.9B4d6NDJAkH9B51LYL68fE,"Saya tidak tahu caranya, dan kamu juga butuh komputer yang sangat kuat untuk menangani ebannya.",134,https://www.youtube.com/watch?v=QvVaIIVzrNo,Kemampuan Teknologi Deepfake,QvVaIIVzrNo
@portraita2679,UgxPHEhIttNyvvuDscR4AaABAg.9At5KQOeYhj9Qdn32blWOZ,"üôèüèªüòå Mantap Lord ü§£",134,https://www.youtube.com/watch?v=QvVaIIVzrNo,Kemampuan Teknologi Deepfake,QvVaIIVzrNo
@ghaniangga3808,Ugx_0m0c1gCjLHs0pEF4AaABAg,"Mantap bang",15,https://www.youtube.com/watch?v=gQT8dCs7lhk,Deepfakes Voice Clonning dan AI: BAHAYA Yang Sudah Terjadi | Pemerasan Penipuan Pornografi,gQT8dCs7lhk
@mistermasker5963,UgyUSutWG220w3cBPLR4AaABAg,"Kalo metode penipuan gabungan sampai vcs di rekam sih yg ga ada obat. Dulu kan banyak di China, pelakunya org china jg tp dilakukan di luar negeri termasuk dilakukan dr Indonesia. Parahnya pake cewe asli ngajakin vcs kemudian direkam. Rekamannya dipakai utk memeras, diancam akan disebarkan pd teman2nya dan keluarganya. Sampai ada yg bunuh diri.",15,https://www.youtube.com/watch?v=gQT8dCs7lhk,Deepfakes Voice Clonning dan AI: BAHAYA Yang Sudah Terjadi | Pemerasan Penipuan Pornografi,gQT8dCs7lhk
@tonihimawan9996,Ugzylhd1zEquioHS6Ql4AaABAg,"bagus  bang semangat teruss",15,https://www.youtube.com/watch?v=gQT8dCs7lhk,Deepfakes Voice Clonning dan AI: BAHAYA Yang Sudah Terjadi | Pemerasan Penipuan Pornografi,gQT8dCs7lhk
@udincupubapuk,UgyBU31Zo-f_y4bLoJF4AaABAg,"5:41 hitungan dari mana 622000 usd sama dengan 920 juta rupiah?",15,https://www.youtube.com/watch?v=gQT8dCs7lhk,Deepfakes Voice Clonning dan AI: BAHAYA Yang Sudah Terjadi | Pemerasan Penipuan Pornografi,gQT8dCs7lhk
@Cinotoners,UgzBobLoD90Fuupy6kN4AaABAg,"Saran bang, suaranya gk perlu di edit, normal aja",15,https://www.youtube.com/watch?v=gQT8dCs7lhk,Deepfakes Voice Clonning dan AI: BAHAYA Yang Sudah Terjadi | Pemerasan Penipuan Pornografi,gQT8dCs7lhk
@odov,UgzPC37Jr5X6yU4I7UN4AaABAg,"video UYM marah2 apakah pake deepfake atau real? videonya keliatan burik dan aneh..",34,https://www.youtube.com/watch?v=yGcGizbphqs,Risiko Teknologi Deepfake,yGcGizbphqs
@THEREAL100MAN,UgxmzqrdLQ6pm9mhZb94AaABAg,"–°–ø–∞—Å–∏–±–æ –≤—Å–µ–º, –∫—Ç–æ –ø–æ–¥–¥–µ—Ä–∂–∏–≤–∞–µ—Ç –†–æ—Å—Å–∏—é, –º—ã –¥–æ–ª–∂–Ω—ã –±—ã—Ç—å —Å–º–µ–ª—ã–º–∏ –ø—Ä–æ—Ç–∏–≤ –ê–º–µ—Ä–∏–∫–∏ –∏ –µ–µ —Å–æ—é–∑–Ω–∏–∫–æ–≤, –µ—Å–ª–∏ –º—ã –ø–æ–¥—á–∏–Ω–∏–º—Å—è –∏–º, –Ω–∞—Å —Ç–æ–ª—å–∫–æ —Ä–∞–∑—ã–≥—Ä–∞—é—Ç –∏ –≤–æ—Å–ø–æ–ª—å–∑—É—é—Ç—Å—è...",34,https://www.youtube.com/watch?v=yGcGizbphqs,Risiko Teknologi Deepfake,yGcGizbphqs
@satriapiningitpsknmalaikat7095,UgwS76Xikdd72Sg9tPp4AaABAg,"Pandir kalian ga bsa trawangan...itu vidio asli...yg palsu justru yg nantang perang trus2an dan itu duplikatnya zalensky...targetnya adlh menambah  sangsi kpd Rusia...Allah balik keadaannya AS dan NATO justru rugi besar (inflasi) atas sangsinya sendiri dan nilai Rubel itu jdi kuat..mudah bagi Allah menghancurkan zionist yg bertebaran di dunia ini via tangan para malaikatNya",34,https://www.youtube.com/watch?v=yGcGizbphqs,Risiko Teknologi Deepfake,yGcGizbphqs
@asalbunyi2136,Ugy6BJZHiWr4FRkBTuB4AaABAg,"kan emang yg di tampilkan penghibur jugaü§£",34,https://www.youtube.com/watch?v=yGcGizbphqs,Risiko Teknologi Deepfake,yGcGizbphqs
@am1035,Ugz5uj-p0FkNjeLTNzJ4AaABAg,"Kalo ini ahlinya presiden ukraina wkwkwkw",34,https://www.youtube.com/watch?v=yGcGizbphqs,Risiko Teknologi Deepfake,yGcGizbphqs
@yudho_pratama8585,UgzAOwt4ou099WoZ8Ip4AaABAg,"Dame da nee... Dame yo",34,https://www.youtube.com/watch?v=yGcGizbphqs,Risiko Teknologi Deepfake,yGcGizbphqs
@itsme.4285,UgzAFRkWdRGZ5Sp0qjF4AaABAg,"Kelihatan banget bedanya...",34,https://www.youtube.com/watch?v=yGcGizbphqs,Risiko Teknologi Deepfake,yGcGizbphqs
@zaen3113,Ugz9kBeMS2YZlI62I-14AaABAg,"prooduser zalensky",34,https://www.youtube.com/watch?v=yGcGizbphqs,Risiko Teknologi Deepfake,yGcGizbphqs
@tamirudi8128,UgyPFZNI-nWZN7w9M914AaABAg,"BRAVO RUSIA MERDEKA",34,https://www.youtube.com/watch?v=yGcGizbphqs,Risiko Teknologi Deepfake,yGcGizbphqs
@ronggowasito4505,UgyiGkS-lUr8yEPlkKF4AaABAg,"Deepfake sama asli sama, sama2 gak mutu ü§£ü§£ü§£",34,https://www.youtube.com/watch?v=yGcGizbphqs,Risiko Teknologi Deepfake,yGcGizbphqs
@7upai,UgxwWqeeFmWLsC_rQFl4AaABAg,"ü¶•jangan¬≤ nanti ini bisa di jadikan alasan pihak tebong ...klo di tuntut dengan bukti Vidio....",34,https://www.youtube.com/watch?v=yGcGizbphqs,Risiko Teknologi Deepfake,yGcGizbphqs
@7upai,UgxIUAx2rHM-xO_why14AaABAg,"Bisa jadi Tony Stark ü§£ü§£ü§£ü§£",34,https://www.youtube.com/watch?v=yGcGizbphqs,Risiko Teknologi Deepfake,yGcGizbphqs
@egaega6443,UgwYIm4kXaXxpDrZMxF4AaABAg,"Umat agama orang orang dari muslim seharusnya betul bikin Indonesia bangga bela afganistan dan dukung Mr Putin ayo berkarya Asia Malaysia Vietnam Thailand dll.",34,https://www.youtube.com/watch?v=yGcGizbphqs,Risiko Teknologi Deepfake,yGcGizbphqs
@misterr9754,UgwY_IXRhftQei6Ktu54AaABAg,"Kim jong un sama Putin kome njirr",34,https://www.youtube.com/watch?v=yGcGizbphqs,Risiko Teknologi Deepfake,yGcGizbphqs
@randomboys3240,Ugza0mtcN0CkNK1BmNR4AaABAg,"deepfake nya msih kasar tuh klihtan bet palsu",34,https://www.youtube.com/watch?v=yGcGizbphqs,Risiko Teknologi Deepfake,yGcGizbphqs
@bydianrosie,UgznohRNtIVG-kOs4G14AaABAg,"Ketemu ini gara2 cari tahu wajah asli RaynKun üòÇ",34,https://www.youtube.com/watch?v=yGcGizbphqs,Risiko Teknologi Deepfake,yGcGizbphqs
@senbonkumite7195,UgwEc_i4PCfJVG2KdjB4AaABAg.9_i-84lwUD79_i38gZXw9o,"Gue yg nangis liat komenan ini!!",34,https://www.youtube.com/watch?v=yGcGizbphqs,Risiko Teknologi Deepfake,yGcGizbphqs
@egaega6443,UgwEc_i4PCfJVG2KdjB4AaABAg.9_i-84lwUD79_i37zwctOm,"Kita harus dkg Mr Putin ujar Abang aye Imam Al Mahdi",34,https://www.youtube.com/watch?v=yGcGizbphqs,Risiko Teknologi Deepfake,yGcGizbphqs
@menggalidiri,UgzBobLoD90Fuupy6kN4AaABAg.9r_YScDHtvb9r_wxx6a1zm,"ini gak di edit wkwkwk, emg mic nya kurang jernih",15,https://www.youtube.com/watch?v=gQT8dCs7lhk,Deepfakes Voice Clonning dan AI: BAHAYA Yang Sudah Terjadi | Pemerasan Penipuan Pornografi,gQT8dCs7lhk
@cinmai978,UgxwWqeeFmWLsC_rQFl4AaABAg.9_hpHe-vMx_9amMxeWFReY,"vidio palsu ..aspal",34,https://www.youtube.com/watch?v=yGcGizbphqs,Risiko Teknologi Deepfake,yGcGizbphqs
@adv8680,UgyiGkS-lUr8yEPlkKF4AaABAg.9_gwyLxe-OM9_hgfjyaH1i,"aneh lu,bahaya,bisa jadi salah paham,kadang yg bener malah disalahin yang salah di bener-benarkan padahal salah,itulah bahayanya",34,https://www.youtube.com/watch?v=yGcGizbphqs,Risiko Teknologi Deepfake,yGcGizbphqs
@menggalidiri,UgyBU31Zo-f_y4bLoJF4AaABAg.9rZxAWcuruS9r_wsg8QF2N,"Mon maap nih , tukang ngetiknya typo, jadi yang bener sekitar 9.2 Milyar Rupiah",15,https://www.youtube.com/watch?v=gQT8dCs7lhk,Deepfakes Voice Clonning dan AI: BAHAYA Yang Sudah Terjadi | Pemerasan Penipuan Pornografi,gQT8dCs7lhk
@udincupubapuk,UgyBU31Zo-f_y4bLoJF4AaABAg.9rZxAWcuruS9r_AD8xlojg,"@AnamPlays rupiah auto meroketüòÖ",15,https://www.youtube.com/watch?v=gQT8dCs7lhk,Deepfakes Voice Clonning dan AI: BAHAYA Yang Sudah Terjadi | Pemerasan Penipuan Pornografi,gQT8dCs7lhk
@AnamPlays,UgyBU31Zo-f_y4bLoJF4AaABAg.9rZxAWcuruS9r_-37NLnO4,"Rupiah sekarang udah menguat jadi 1.500an/$1 makannya 622rb dolar jadi 920jtüòÇ",15,https://www.youtube.com/watch?v=gQT8dCs7lhk,Deepfakes Voice Clonning dan AI: BAHAYA Yang Sudah Terjadi | Pemerasan Penipuan Pornografi,gQT8dCs7lhk
@saya8098,UgzAOwt4ou099WoZ8Ip4AaABAg.9_gJBE1BBR39_gX2qrURB8,"Iku iku ahahahahah...dame...",34,https://www.youtube.com/watch?v=yGcGizbphqs,Risiko Teknologi Deepfake,yGcGizbphqs
@menggalidiri,Ugzylhd1zEquioHS6Ql4AaABAg.9rZvijO1NHe9r_wpHwLVF5,"Thankyou yaa",15,https://www.youtube.com/watch?v=gQT8dCs7lhk,Deepfakes Voice Clonning dan AI: BAHAYA Yang Sudah Terjadi | Pemerasan Penipuan Pornografi,gQT8dCs7lhk
@vladimiraehben2308,UgyLdwwWcTns_H0Qswh4AaABAg.9_fXR_laoQ99j-golbti_t,"Ngomong yang bener ancrit",34,https://www.youtube.com/watch?v=yGcGizbphqs,Risiko Teknologi Deepfake,yGcGizbphqs
@egaega6443,UgxmzqrdLQ6pm9mhZb94AaABAg.9_f1FTuMANe9_i32mlAjwj,"Btul Imam Al Mahdi asli sudah mengibaratkan jangan mau larut didalam kendali nato",34,https://www.youtube.com/watch?v=yGcGizbphqs,Risiko Teknologi Deepfake,yGcGizbphqs
@menggalidiri,UgyUSutWG220w3cBPLR4AaABAg.9rZehqaTjLh9rcq9yCREY1,"ini seru nih kt bahas lebih dalam, ckkckck",15,https://www.youtube.com/watch?v=gQT8dCs7lhk,Deepfakes Voice Clonning dan AI: BAHAYA Yang Sudah Terjadi | Pemerasan Penipuan Pornografi,gQT8dCs7lhk
@mistermasker5963,UgyUSutWG220w3cBPLR4AaABAg.9rZehqaTjLh9ra0Q3r62TT,"@menggalidiri sdh ada yg pernah ketangkep kan sindikat china yg di Indonesia, dan ada ceweknya. Dan di Indonesia kan ada jg yg artis2 korbannya, vcs direkam tp bkn utk dipakai memeras, tp dijual hasil rekamannya, kalo yg indo bkn cewe asli dan bukan sindikat. Beda dg sindikat china mrk pake cewek beneran, seperti wts gitu.",15,https://www.youtube.com/watch?v=gQT8dCs7lhk,Deepfakes Voice Clonning dan AI: BAHAYA Yang Sudah Terjadi | Pemerasan Penipuan Pornografi,gQT8dCs7lhk
@menggalidiri,UgyUSutWG220w3cBPLR4AaABAg.9rZehqaTjLh9r_woGuAQyt,"wah iya? bener bener sindikat yak",15,https://www.youtube.com/watch?v=gQT8dCs7lhk,Deepfakes Voice Clonning dan AI: BAHAYA Yang Sudah Terjadi | Pemerasan Penipuan Pornografi,gQT8dCs7lhk
@menggalidiri,Ugx_0m0c1gCjLHs0pEF4AaABAg.9rZaZ_Fs2Af9r_wkxovYvw,"Thankyou bray",15,https://www.youtube.com/watch?v=gQT8dCs7lhk,Deepfakes Voice Clonning dan AI: BAHAYA Yang Sudah Terjadi | Pemerasan Penipuan Pornografi,gQT8dCs7lhk
@michikane8615,UgzPC37Jr5X6yU4I7UN4AaABAg.9_ev5qXu_3f9_ewpgAnI5X,"Mau burik mau aneh  mau gantung diri kek......  EGP  üòÇüòÇüòÇ emang dia spa..",34,https://www.youtube.com/watch?v=yGcGizbphqs,Risiko Teknologi Deepfake,yGcGizbphqs
@suhartopwr4490,UgyboMI7iO10fo_wnSN4AaABAg,"Ukraina  sifatnya  licik  hancurkan  saja negeri  itu  Ukraina  gak mungkin  menyerah",34,https://www.youtube.com/watch?v=yGcGizbphqs,Risiko Teknologi Deepfake,yGcGizbphqs
@baliasboy5806,UgyIPdNGZBjW4Nd1hBB4AaABAg,"Wow",34,https://www.youtube.com/watch?v=yGcGizbphqs,Risiko Teknologi Deepfake,yGcGizbphqs
@eddykapasibu7899,Ugw480D8tDuhWgCXTHt4AaABAg.9_em2NoNpsB9eayxDbq5ai,"kalo yg pandai ga kelihatan. cek tom cruise deepfake.",34,https://www.youtube.com/watch?v=yGcGizbphqs,Risiko Teknologi Deepfake,yGcGizbphqs
@kyutieee8734,Ugw480D8tDuhWgCXTHt4AaABAg.9_em2NoNpsB9_gDSbxVuRr,"Tapi yang awam mana ngerti",34,https://www.youtube.com/watch?v=yGcGizbphqs,Risiko Teknologi Deepfake,yGcGizbphqs
@bambangadi7680,Ugw5KQ5FwkfTGNhzp6d4AaABAg,"Si panci mana suaranya....",31,https://www.youtube.com/watch?v=9fUJ1Oaq9PI,WASPADA! Mengenal Teknologi Deepfake Kerap Digunakan Tindak Kejahatan | Kabar Siang tvOne,9fUJ1Oaq9PI
@amronamar5216,Ugx5FeECQ9l0QEJeO2B4AaABAg,"Fixx pengalihan bisuullll",31,https://www.youtube.com/watch?v=9fUJ1Oaq9PI,WASPADA! Mengenal Teknologi Deepfake Kerap Digunakan Tindak Kejahatan | Kabar Siang tvOne,9fUJ1Oaq9PI
@ahmadsyafiih185,UgwhrwlgbX5C_qaPZ9Z4AaABAg,"üò¥",31,https://www.youtube.com/watch?v=9fUJ1Oaq9PI,WASPADA! Mengenal Teknologi Deepfake Kerap Digunakan Tindak Kejahatan | Kabar Siang tvOne,9fUJ1Oaq9PI
@dangsat702,Ugy2ELWqVs7fLFu7T3t4AaABAg,"Sekarang wanita Banyak BERPAKAIAN seperti telanjang CONTOH PAKAI YAN Ketat apa lagi GOYANG PARGOY Di SOSIAL MEDIA dll",31,https://www.youtube.com/watch?v=9fUJ1Oaq9PI,WASPADA! Mengenal Teknologi Deepfake Kerap Digunakan Tindak Kejahatan | Kabar Siang tvOne,9fUJ1Oaq9PI
@dangsat702,UgzAh2ACiwdlv4lD5CF4AaABAg,"Cinta kepada DUNIAWI Dan cinta GAYA HIDUP ORANG KAFIR TIDAK ADA MANFAAT Untuk dunia dan akhirat.",31,https://www.youtube.com/watch?v=9fUJ1Oaq9PI,WASPADA! Mengenal Teknologi Deepfake Kerap Digunakan Tindak Kejahatan | Kabar Siang tvOne,9fUJ1Oaq9PI
@dangsat702,UgzZRCPaU4ZV1ZDW7MN4AaABAg,"SAUDARA KU CINTA lah KEPADA RASULULLAH ,ULAMA YG BERPEDOMAN KEPADA KITAB SUCI AL QUR'AN dan HADITS",31,https://www.youtube.com/watch?v=9fUJ1Oaq9PI,WASPADA! Mengenal Teknologi Deepfake Kerap Digunakan Tindak Kejahatan | Kabar Siang tvOne,9fUJ1Oaq9PI
@dangsat702,UgwRxt-N8FGdwrPwBx14AaABAg,"Di akhir JAMAN kalau susah cari ulama yang BENAR CARILAH ULAMA YG PALING DI BENCI OLEH ORANG KAFIR Kata imam Syafi'i dan JAUHILAH ULAMA YG PALING dekat pada ORANG KAFIR.",31,https://www.youtube.com/watch?v=9fUJ1Oaq9PI,WASPADA! Mengenal Teknologi Deepfake Kerap Digunakan Tindak Kejahatan | Kabar Siang tvOne,9fUJ1Oaq9PI
@tutorialmix106,UgxgR1qB6P2bz8O3N9R4AaABAg,"Deepfake, fitnah yg belum pernah ada di zaman nabi, terjadi di zaman modern",31,https://www.youtube.com/watch?v=9fUJ1Oaq9PI,WASPADA! Mengenal Teknologi Deepfake Kerap Digunakan Tindak Kejahatan | Kabar Siang tvOne,9fUJ1Oaq9PI
@ddnsunarya3100,UgwEyPpLJ4acWjW1Klp4AaABAg,"Dari si suryo aku percaya penjelasan abimanyu pejelasan nya mengerti ga mendesak seseorang",31,https://www.youtube.com/watch?v=9fUJ1Oaq9PI,WASPADA! Mengenal Teknologi Deepfake Kerap Digunakan Tindak Kejahatan | Kabar Siang tvOne,9fUJ1Oaq9PI
@sarasan5750,UgzaKrtQSjwAKVmCI314AaABAg,"Belum selesai kasus artis gisel,ada lagi issu baru nagita.",31,https://www.youtube.com/watch?v=9fUJ1Oaq9PI,WASPADA! Mengenal Teknologi Deepfake Kerap Digunakan Tindak Kejahatan | Kabar Siang tvOne,9fUJ1Oaq9PI
@diandraresty9239,UgxnxHsekCV52Naq9PR4AaABAg,"Benar tuh editan vidio skrng mkin canggih dan di aplikasi sudh bnyak kok",31,https://www.youtube.com/watch?v=9fUJ1Oaq9PI,WASPADA! Mengenal Teknologi Deepfake Kerap Digunakan Tindak Kejahatan | Kabar Siang tvOne,9fUJ1Oaq9PI
@purinpuji7534,UgyrlCrgO1hHUgPTEkx4AaABAg,"Orang kalo sudah campur politik kebanyakan ngawur.(Roy Suryo).",31,https://www.youtube.com/watch?v=9fUJ1Oaq9PI,WASPADA! Mengenal Teknologi Deepfake Kerap Digunakan Tindak Kejahatan | Kabar Siang tvOne,9fUJ1Oaq9PI
@virgi856,UgxF_KbYHbV8sey3C_B4AaABAg,"Ngeri ih.  Bisa dipake buat jahatin orang itu.",31,https://www.youtube.com/watch?v=9fUJ1Oaq9PI,WASPADA! Mengenal Teknologi Deepfake Kerap Digunakan Tindak Kejahatan | Kabar Siang tvOne,9fUJ1Oaq9PI
@majujaya8217,UgyhfDRqhMk3kTMwU814AaABAg,"Org yg di beritakan nya mereka baik2 aja, klo memang itu benar artis inisial NS suaminya pasti marah",31,https://www.youtube.com/watch?v=9fUJ1Oaq9PI,WASPADA! Mengenal Teknologi Deepfake Kerap Digunakan Tindak Kejahatan | Kabar Siang tvOne,9fUJ1Oaq9PI
@Muslimquotes99,UgzkgwXzzxSRjxi7YTJ4AaABAg,"Sebetulnya ini menjadi pelajaran, bahwa di dunia yg serba modern teknologi pun maju membuat mahal nya privasi, kita harus benar-benar hati-hati jika upload foto kita/Selfi  ke media sosial karena banyak yg melihat dan banyak juga oknum yg membuat menyalah gunakan foto atau data pribadi kita, karena sejatinya ketika kita upload foto banyak orang yg bisa mendownload atau banyak akun fake yg menggunggah foto orang di akun mereka, karena dengan canggih nya teknologi maupun aplikasi banyak sekali tindak kriminal yg bisa dilakukan oleh oknum tertentu, karena pengalaman banyak sekali orang yang menipu lewat aplikasi media sosial yg mana mereka menggunakan foto wajah orang lain untuk media sosial si oknum ini yg digunakan untuk tindakan kriminal, maka berhati-hatilah teman jika anda upload foto,video, suara dimedia sosial bisa jadi digunakan untuk ajang candaan ataupun kriminal untuk kepentingan oknum yg tidak bertanggung jawab, sekali lagi berhati-hatilah bermedia sosial dan membagikan info data diri anda di Era yg digital ini üôèüôè",31,https://www.youtube.com/watch?v=9fUJ1Oaq9PI,WASPADA! Mengenal Teknologi Deepfake Kerap Digunakan Tindak Kejahatan | Kabar Siang tvOne,9fUJ1Oaq9PI
@ajidmahendra,UgxMl6lV4JfhhjQGER94AaABAg,"Jangan sebut Roy Suryo pakar telematika lagi, dia udah banyak ketinggalan, dia mau nyoba politik",31,https://www.youtube.com/watch?v=9fUJ1Oaq9PI,WASPADA! Mengenal Teknologi Deepfake Kerap Digunakan Tindak Kejahatan | Kabar Siang tvOne,9fUJ1Oaq9PI
@sidea4300,Ugz6yRuPDOcYkBdCh-B4AaABAg,"Nah ini nih yg pantes jd ahli telematika sesuai fakta",31,https://www.youtube.com/watch?v=9fUJ1Oaq9PI,WASPADA! Mengenal Teknologi Deepfake Kerap Digunakan Tindak Kejahatan | Kabar Siang tvOne,9fUJ1Oaq9PI
@rikosiregarrikosiregar5786,UgxhIJz_tyOKjDhZXvZ4AaABAg,"Jahat yahüòÇ",31,https://www.youtube.com/watch?v=9fUJ1Oaq9PI,WASPADA! Mengenal Teknologi Deepfake Kerap Digunakan Tindak Kejahatan | Kabar Siang tvOne,9fUJ1Oaq9PI
@tripbgchannel7899,UgxgR1qB6P2bz8O3N9R4AaABAg.9XNZZ2noNPX9XSsbr8wr5y,"Betul, temenku juga sering bikin vidio kya gitu tp pakai orang luar negeri",31,https://www.youtube.com/watch?v=9fUJ1Oaq9PI,WASPADA! Mengenal Teknologi Deepfake Kerap Digunakan Tindak Kejahatan | Kabar Siang tvOne,9fUJ1Oaq9PI
@harvest_store,UgwRxt-N8FGdwrPwBx14AaABAg.9XNRNY6nlSz9XNSfxw0w4e,"hoax itu",31,https://www.youtube.com/watch?v=9fUJ1Oaq9PI,WASPADA! Mengenal Teknologi Deepfake Kerap Digunakan Tindak Kejahatan | Kabar Siang tvOne,9fUJ1Oaq9PI
@BudiYanto-rw8pv,Ugw5KQ5FwkfTGNhzp6d4AaABAg.9XLgvyQ-ZeN9XNUp15BsWk,"Si Panci masih cek candi hambalang üèØ",31,https://www.youtube.com/watch?v=9fUJ1Oaq9PI,WASPADA! Mengenal Teknologi Deepfake Kerap Digunakan Tindak Kejahatan | Kabar Siang tvOne,9fUJ1Oaq9PI
@atmaditriwangsa9028,UgywdsT5hfyTCWo1zBl4AaABAg,"Kepake juga teknologi yg ad di film Mission Impossible. Bayangkan klo d pake utk kejahatan siber atau kejahatan maya.",31,https://www.youtube.com/watch?v=9fUJ1Oaq9PI,WASPADA! Mengenal Teknologi Deepfake Kerap Digunakan Tindak Kejahatan | Kabar Siang tvOne,9fUJ1Oaq9PI
@aulornadesign5743,UgyJ6om74CjRFBI37y54AaABAg,"Teknologi semakin canggih. Kejahatan semakin tinggiüôà",31,https://www.youtube.com/watch?v=9fUJ1Oaq9PI,WASPADA! Mengenal Teknologi Deepfake Kerap Digunakan Tindak Kejahatan | Kabar Siang tvOne,9fUJ1Oaq9PI
@endangachdi2071,UgyxTUywoW-jPq9_Hox4AaABAg,"Pembawa acaranya dungu",31,https://www.youtube.com/watch?v=9fUJ1Oaq9PI,WASPADA! Mengenal Teknologi Deepfake Kerap Digunakan Tindak Kejahatan | Kabar Siang tvOne,9fUJ1Oaq9PI
@harryindo8752,UgzH7EyFzWUnVDTp-yh4AaABAg,"kaya ny pakai adobe after efek bisa tuh....ü§ê",31,https://www.youtube.com/watch?v=9fUJ1Oaq9PI,WASPADA! Mengenal Teknologi Deepfake Kerap Digunakan Tindak Kejahatan | Kabar Siang tvOne,9fUJ1Oaq9PI
@cpdebatchristianprince.3599,UgwXIctFLaj6hj8h0qR4AaABAg,"DiMana link videonya??",31,https://www.youtube.com/watch?v=9fUJ1Oaq9PI,WASPADA! Mengenal Teknologi Deepfake Kerap Digunakan Tindak Kejahatan | Kabar Siang tvOne,9fUJ1Oaq9PI
@thomasariyanto75,UgyddkUazoJrWQxN1th4AaABAg,"Televisi berperan penting untuk mngabarkan perkembangan dunia. Agar rakyat kita pandai.",31,https://www.youtube.com/watch?v=9fUJ1Oaq9PI,WASPADA! Mengenal Teknologi Deepfake Kerap Digunakan Tindak Kejahatan | Kabar Siang tvOne,9fUJ1Oaq9PI
@whoami8492,UgwU8oDwes-YYMq0cpd4AaABAg,"bagi link dong üòπ",31,https://www.youtube.com/watch?v=9fUJ1Oaq9PI,WASPADA! Mengenal Teknologi Deepfake Kerap Digunakan Tindak Kejahatan | Kabar Siang tvOne,9fUJ1Oaq9PI
@PLAYSTGAME-jn2zw,UgxIlt1_TG3CV5lINLZ4AaABAg,"Aplikasi yg berbahaya",109,https://www.youtube.com/watch?v=ZRs7rhUcVXA,Pakai Teknologi Deepfake  Akun Ini Buat Bingung Jutaan Pengguna TikTok | tvOne Minute,ZRs7rhUcVXA
@idaman588,Ugz4Pn85BRMaLw2Qe_l4AaABAg,"padahal ga pake teknologi deepfake jga mirip tom cruse ni orang ,ya mungkin klo natural ga pake teknologi deepfake follower nya lebih dari 300rb",109,https://www.youtube.com/watch?v=ZRs7rhUcVXA,Pakai Teknologi Deepfake  Akun Ini Buat Bingung Jutaan Pengguna TikTok | tvOne Minute,ZRs7rhUcVXA
@relationship3726,UgxEtjDTmGV98QUjNr14AaABAg,"ini kalau kasih ke 62, hummm jadi bahan fitnah dan anehnya bakal banyak yg percaya, dan tahu kenapa ? karena hahaha",109,https://www.youtube.com/watch?v=ZRs7rhUcVXA,Pakai Teknologi Deepfake  Akun Ini Buat Bingung Jutaan Pengguna TikTok | tvOne Minute,ZRs7rhUcVXA
@laliluleli,Ugyl-wFqg3gUa2KCBcZ4AaABAg,"Gila sih ini...kalo teknologi ini dipakai sm orang jahat",109,https://www.youtube.com/watch?v=ZRs7rhUcVXA,Pakai Teknologi Deepfake  Akun Ini Buat Bingung Jutaan Pengguna TikTok | tvOne Minute,ZRs7rhUcVXA
@Blackpetroleum05,Ugzo3Dsjcz5dC1SlxEx4AaABAg,"Diluar udah mendarat di mars,disini masih digoblok2in tiktod",109,https://www.youtube.com/watch?v=ZRs7rhUcVXA,Pakai Teknologi Deepfake  Akun Ini Buat Bingung Jutaan Pengguna TikTok | tvOne Minute,ZRs7rhUcVXA
@RCsumatra,UgxnuQS92XWoj7ZD0sd4AaABAg,"Siap siap saja manusia akan di manipulasi oleh media terutama Indonesia,akan buat mereka tergila akan teknologi",109,https://www.youtube.com/watch?v=ZRs7rhUcVXA,Pakai Teknologi Deepfake  Akun Ini Buat Bingung Jutaan Pengguna TikTok | tvOne Minute,ZRs7rhUcVXA
@ALKISAHINSPIRATIF,UgxojHC_MIEKe1lvF3x4AaABAg,"Hati2 nyebar foto online, sekarang muka kita bisa diduplikat dibuat video. Bisa disalahgunakan untuk fitnah, penipuan dsb.",109,https://www.youtube.com/watch?v=ZRs7rhUcVXA,Pakai Teknologi Deepfake  Akun Ini Buat Bingung Jutaan Pengguna TikTok | tvOne Minute,ZRs7rhUcVXA
@arh_ijongkpakguru1922,Ugwm3_5iHKwqzyAcfRl4AaABAg,"Gagal paham",109,https://www.youtube.com/watch?v=ZRs7rhUcVXA,Pakai Teknologi Deepfake  Akun Ini Buat Bingung Jutaan Pengguna TikTok | tvOne Minute,ZRs7rhUcVXA
@iguana667,UgzuUUNSa8xBdI8-zNp4AaABAg,"Bahaya juga ya",109,https://www.youtube.com/watch?v=ZRs7rhUcVXA,Pakai Teknologi Deepfake  Akun Ini Buat Bingung Jutaan Pengguna TikTok | tvOne Minute,ZRs7rhUcVXA
@kikirizkyariestya1014,Ugy0jbwYQJX4MnCT6Qt4AaABAg,"Masih mending, prank ronaldo ome tv",109,https://www.youtube.com/watch?v=ZRs7rhUcVXA,Pakai Teknologi Deepfake  Akun Ini Buat Bingung Jutaan Pengguna TikTok | tvOne Minute,ZRs7rhUcVXA
@apakabarsemua2965,UgwKeF78LYZKt33rIyp4AaABAg,"üôÇ teknologi yang membahayakan dan gak patut di ciptakan menurut saya karna banyak negatif nya daripada positif nya",109,https://www.youtube.com/watch?v=ZRs7rhUcVXA,Pakai Teknologi Deepfake  Akun Ini Buat Bingung Jutaan Pengguna TikTok | tvOne Minute,ZRs7rhUcVXA
@i.dontgiveafvck,UgwA8nzmUDnD9uCq17V4AaABAg,"Laku nih app klo disini, pada doyan hoax soalnaüòÇ",109,https://www.youtube.com/watch?v=ZRs7rhUcVXA,Pakai Teknologi Deepfake  Akun Ini Buat Bingung Jutaan Pengguna TikTok | tvOne Minute,ZRs7rhUcVXA
@originalfarida130,UgwgKVyV0BkUD6MN2bJ4AaABAg,"Gw pengen deepfake pocong",109,https://www.youtube.com/watch?v=ZRs7rhUcVXA,Pakai Teknologi Deepfake  Akun Ini Buat Bingung Jutaan Pengguna TikTok | tvOne Minute,ZRs7rhUcVXA
@CUMILCUMIL,UgwMCFdWaDIiavehzd54AaABAg,"Bisa nyamar gt ya... Ngeri ngeri keren liatnya.",109,https://www.youtube.com/watch?v=ZRs7rhUcVXA,Pakai Teknologi Deepfake  Akun Ini Buat Bingung Jutaan Pengguna TikTok | tvOne Minute,ZRs7rhUcVXA
@dinnoreznicki3806,UgydzR5vJSqEEgBkcUt4AaABAg,"aplkasi deepfake emang bahaya",109,https://www.youtube.com/watch?v=ZRs7rhUcVXA,Pakai Teknologi Deepfake  Akun Ini Buat Bingung Jutaan Pengguna TikTok | tvOne Minute,ZRs7rhUcVXA
@SukabumiKode,Ugz7LhRO9VKXuAp8LuN4AaABAg,"Kalau sampai digunakan di Indonesia, bisa kalian bayangkan sendiri bagaimana kacaunya",109,https://www.youtube.com/watch?v=ZRs7rhUcVXA,Pakai Teknologi Deepfake  Akun Ini Buat Bingung Jutaan Pengguna TikTok | tvOne Minute,ZRs7rhUcVXA
@unclepetes4073,UgxLTqQnlc_8RW1MjpR4AaABAg,"Tapi kayanya video NS sih bukan deepfake makanya harus dilihat nenennya ada tato engga yg kanan ajahh plisss.....",109,https://www.youtube.com/watch?v=ZRs7rhUcVXA,Pakai Teknologi Deepfake  Akun Ini Buat Bingung Jutaan Pengguna TikTok | tvOne Minute,ZRs7rhUcVXA
@nurdinnurdin7276,UgwGc3MCGBOq8MObLSN4AaABAg,"Menjelang fitnah terbesar nih",109,https://www.youtube.com/watch?v=ZRs7rhUcVXA,Pakai Teknologi Deepfake  Akun Ini Buat Bingung Jutaan Pengguna TikTok | tvOne Minute,ZRs7rhUcVXA
@RagamAnandaChannel,UgwmzwyWzpum37L_5K94AaABAg,"bahaya juga ini teknologi ini jika disalahgunakan",22,https://www.youtube.com/watch?v=4W0MekwgbnE,DEEP FAKE: LEBIH JAHAT DARI HOAX | 15 MINUTES METRO TV,4W0MekwgbnE
@abangridwan5992,UgwVATvwS-C8VhwAw3J4AaABAg,"Deep fake berbahaya aplikasi sperti ini",22,https://www.youtube.com/watch?v=4W0MekwgbnE,DEEP FAKE: LEBIH JAHAT DARI HOAX | 15 MINUTES METRO TV,4W0MekwgbnE
@user-is9zn4sn3h,UgyMWq4I9DnUJMJXV7R4AaABAg,"Deepfake sebenarnya tidak jahat, yang jahat itu orang yg menyalahgunakan teknologi tersebut untuk hal yg tidak senonoh atau negatif.",22,https://www.youtube.com/watch?v=4W0MekwgbnE,DEEP FAKE: LEBIH JAHAT DARI HOAX | 15 MINUTES METRO TV,4W0MekwgbnE
@rakha0803,Ugw3yLYm7TSOAIcPyvp4AaABAg,"Sekarang pada sadarkan, wajah orang aja gampang dipalsu, apalagi cuman Chat WA.",22,https://www.youtube.com/watch?v=4W0MekwgbnE,DEEP FAKE: LEBIH JAHAT DARI HOAX | 15 MINUTES METRO TV,4W0MekwgbnE
@umarzaab5326,UgzXkHR7Jn3Q_apl2XJ4AaABAg,"haha fake sgt",22,https://www.youtube.com/watch?v=4W0MekwgbnE,DEEP FAKE: LEBIH JAHAT DARI HOAX | 15 MINUTES METRO TV,4W0MekwgbnE
@nightmare5043,UgxSKHRjBThSXHCbrLV4AaABAg,"Bagus nih apknya buat bikin tribute org yg udh meninggal seperti paul walker",22,https://www.youtube.com/watch?v=4W0MekwgbnE,DEEP FAKE: LEBIH JAHAT DARI HOAX | 15 MINUTES METRO TV,4W0MekwgbnE
@luchalibre5045,UgwYIuWMzCYfLI1F_O14AaABAg,"Pantasan di salah satu radio, kayak ada rekaman suara Presiden Soekarno, ternyata iti Deepfake",22,https://www.youtube.com/watch?v=4W0MekwgbnE,DEEP FAKE: LEBIH JAHAT DARI HOAX | 15 MINUTES METRO TV,4W0MekwgbnE
@bigngabtheory3485,UgxTbqm79bkeLyrjqrZ4AaABAg,"Pantek pantasan waktu cari video bokep ada muka scarlett sama wonder woman",22,https://www.youtube.com/watch?v=4W0MekwgbnE,DEEP FAKE: LEBIH JAHAT DARI HOAX | 15 MINUTES METRO TV,4W0MekwgbnE
@cinmai978,Ugw_4pqsmRGPVCwsP2B4AaABAg,"pengakuan palsu. membunuh anak2. menerima duit yg tidak pernah diterima..",22,https://www.youtube.com/watch?v=4W0MekwgbnE,DEEP FAKE: LEBIH JAHAT DARI HOAX | 15 MINUTES METRO TV,4W0MekwgbnE
@acooeybleender2711,Ugwxr_dRNMraJidKrO54AaABAg,"Dajjal mata 1  ini adalah yg sebenar nya",22,https://www.youtube.com/watch?v=4W0MekwgbnE,DEEP FAKE: LEBIH JAHAT DARI HOAX | 15 MINUTES METRO TV,4W0MekwgbnE
@bangga3107,UgykvyC3NfO9xWyDh9d4AaABAg,"halo saya datang dari 2022",22,https://www.youtube.com/watch?v=4W0MekwgbnE,DEEP FAKE: LEBIH JAHAT DARI HOAX | 15 MINUTES METRO TV,4W0MekwgbnE
@NurHayati-nc5oq,Ugw7dMT9ZVV2I5TOQU54AaABAg,"14:45",22,https://www.youtube.com/watch?v=4W0MekwgbnE,DEEP FAKE: LEBIH JAHAT DARI HOAX | 15 MINUTES METRO TV,4W0MekwgbnE
@NurHayati-nc5oq,Ugxh-QHzfP17GjeNBTZ4AaABAg,"14:00",22,https://www.youtube.com/watch?v=4W0MekwgbnE,DEEP FAKE: LEBIH JAHAT DARI HOAX | 15 MINUTES METRO TV,4W0MekwgbnE
@droidplay2624,UgwrPTefNvpnKd-6aX54AaABAg,"Ya kalo yang ini kelihatan palsu sih",22,https://www.youtube.com/watch?v=4W0MekwgbnE,DEEP FAKE: LEBIH JAHAT DARI HOAX | 15 MINUTES METRO TV,4W0MekwgbnE
@cinmai978,Ugw3yLYm7TSOAIcPyvp4AaABAg.9KiE4QjtMbG9b8Mmt0Ow_5,"chat wa...di beberapa negara sudah tidak bisa buat bukti kuat. data nya di simpan di telpon..bkn di server...jadi memang benar bisa dipalsu..",22,https://www.youtube.com/watch?v=4W0MekwgbnE,DEEP FAKE: LEBIH JAHAT DARI HOAX | 15 MINUTES METRO TV,4W0MekwgbnE
@trisorakencana9800,UgwXDAPLBdN1E_aMfw14AaABAg.9KR2Qziqk7Y9KTTXvuQpMz,"Dia aktor Hollywood, cari aja di google biar tau",109,https://www.youtube.com/watch?v=ZRs7rhUcVXA,Pakai Teknologi Deepfake  Akun Ini Buat Bingung Jutaan Pengguna TikTok | tvOne Minute,ZRs7rhUcVXA
@restuwicaksono267,UgyMWq4I9DnUJMJXV7R4AaABAg.9Gb1-3Q8Iby9fywU9KMjK_,"YiLong Ma DEEPFAKE OF ELONMUSK",22,https://www.youtube.com/watch?v=4W0MekwgbnE,DEEP FAKE: LEBIH JAHAT DARI HOAX | 15 MINUTES METRO TV,4W0MekwgbnE
@cinmai978,UgyMWq4I9DnUJMJXV7R4AaABAg.9Gb1-3Q8Iby9b8NFKabvRA,"pengakuan palsu. deepfake dikombinasikan dengan morph cut",22,https://www.youtube.com/watch?v=4W0MekwgbnE,DEEP FAKE: LEBIH JAHAT DARI HOAX | 15 MINUTES METRO TV,4W0MekwgbnE
@BelajarBarengTani,UgyMWq4I9DnUJMJXV7R4AaABAg.9Gb1-3Q8Iby9SmmsnLltF3,"Mantaffff",22,https://www.youtube.com/watch?v=4W0MekwgbnE,DEEP FAKE: LEBIH JAHAT DARI HOAX | 15 MINUTES METRO TV,4W0MekwgbnE
@devitasari892,UgwmzwyWzpum37L_5K94AaABAg.96mVnU0gVEZ98JhcL-MUoX,"Iya kak..",22,https://www.youtube.com/watch?v=4W0MekwgbnE,DEEP FAKE: LEBIH JAHAT DARI HOAX | 15 MINUTES METRO TV,4W0MekwgbnE
@neomorphin4999,UgytppWBo4YPPGSM2ql4AaABAg.9KR1--ZFVPK9Y_C_GaipKH,"Kejadian yg di film terminator akan terjadi, teknologi AI harus dimusnahkan",109,https://www.youtube.com/watch?v=ZRs7rhUcVXA,Pakai Teknologi Deepfake  Akun Ini Buat Bingung Jutaan Pengguna TikTok | tvOne Minute,ZRs7rhUcVXA
@arifrahman.i8012,UgxCKbknmgJ5Jl5X5dF4AaABAg,"Putin mana Putin",109,https://www.youtube.com/watch?v=ZRs7rhUcVXA,Pakai Teknologi Deepfake  Akun Ini Buat Bingung Jutaan Pengguna TikTok | tvOne Minute,ZRs7rhUcVXA
@abuAA,UgzwLkuXfAARRVCFTr94AaABAg,"Tom Cruise yg asli gak hobi main aplikasi buatan CHINA. üòÑ",109,https://www.youtube.com/watch?v=ZRs7rhUcVXA,Pakai Teknologi Deepfake  Akun Ini Buat Bingung Jutaan Pengguna TikTok | tvOne Minute,ZRs7rhUcVXA
@DosqSlipi,UgxwkArRpyuIttGFBFp4AaABAg,"Gilaaa parah,  susah recognice org2 nih via net,  kedepannya bisa videocall nyamar jd president, parah tuh teknologi kubur aja,  soalnya bakal bahaya. Siapa yg setuju like",109,https://www.youtube.com/watch?v=ZRs7rhUcVXA,Pakai Teknologi Deepfake  Akun Ini Buat Bingung Jutaan Pengguna TikTok | tvOne Minute,ZRs7rhUcVXA
@reangaming5439,UgyfDdrDhanQYnjFRvB4AaABAg,"Saya Suka Film action yg di Bintangi Tom Cruise..",109,https://www.youtube.com/watch?v=ZRs7rhUcVXA,Pakai Teknologi Deepfake  Akun Ini Buat Bingung Jutaan Pengguna TikTok | tvOne Minute,ZRs7rhUcVXA
@alleyghozally3901,UgzGowYJ9AgNYFRi3wF4AaABAg,"Gak mirip ah...",109,https://www.youtube.com/watch?v=ZRs7rhUcVXA,Pakai Teknologi Deepfake  Akun Ini Buat Bingung Jutaan Pengguna TikTok | tvOne Minute,ZRs7rhUcVXA
@natiefur,Ugzro9P0Ki9NKRi3yZ14AaABAg,"luar negri kontennya gak seaneh di indo, di indo pakai part padahal 1part cuma 30 detik.",109,https://www.youtube.com/watch?v=ZRs7rhUcVXA,Pakai Teknologi Deepfake  Akun Ini Buat Bingung Jutaan Pengguna TikTok | tvOne Minute,ZRs7rhUcVXA
@andriadryan8978,UgzYDzrELURpqVRHBSR4AaABAg,"Ga ada berita yg lbh bermutu ya boss",109,https://www.youtube.com/watch?v=ZRs7rhUcVXA,Pakai Teknologi Deepfake  Akun Ini Buat Bingung Jutaan Pengguna TikTok | tvOne Minute,ZRs7rhUcVXA
@ariangsa8857,UgydAQOtFBOhRKSn0L54AaABAg,"Owalah sekilas aj ak tau itu bukn tom .. secara klo bner fans pasti tau sekilas lihat",109,https://www.youtube.com/watch?v=ZRs7rhUcVXA,Pakai Teknologi Deepfake  Akun Ini Buat Bingung Jutaan Pengguna TikTok | tvOne Minute,ZRs7rhUcVXA
@Wahyu-fd8iq,UgyPzdOa5ewdxt9QJt14AaABAg,"Ethan..(Tik Tok impossible)",109,https://www.youtube.com/watch?v=ZRs7rhUcVXA,Pakai Teknologi Deepfake  Akun Ini Buat Bingung Jutaan Pengguna TikTok | tvOne Minute,ZRs7rhUcVXA
@13riansup5,Ugxh9MOQy-zZTcVu4hl4AaABAg,"Your mission should you choose to accepted",109,https://www.youtube.com/watch?v=ZRs7rhUcVXA,Pakai Teknologi Deepfake  Akun Ini Buat Bingung Jutaan Pengguna TikTok | tvOne Minute,ZRs7rhUcVXA
@OpickProject,UgyC24rOzf2Usez2TcZ4AaABAg,"riktok tolomg di bekukan",109,https://www.youtube.com/watch?v=ZRs7rhUcVXA,Pakai Teknologi Deepfake  Akun Ini Buat Bingung Jutaan Pengguna TikTok | tvOne Minute,ZRs7rhUcVXA
@ibrahimalmustofa5361,Ugy7_ywOXaiCCBQ6vmp4AaABAg,"Disalah gunakan ngeri sih",109,https://www.youtube.com/watch?v=ZRs7rhUcVXA,Pakai Teknologi Deepfake  Akun Ini Buat Bingung Jutaan Pengguna TikTok | tvOne Minute,ZRs7rhUcVXA
@nineking3920,UgyF1eMk3B-_TVRiQ854AaABAg,"Wah bahaya, klo bisa buat hal hal yang negatif bakal ngrugiin smua orang , musti waspada akan cybercrime , jdi was was makin sini",109,https://www.youtube.com/watch?v=ZRs7rhUcVXA,Pakai Teknologi Deepfake  Akun Ini Buat Bingung Jutaan Pengguna TikTok | tvOne Minute,ZRs7rhUcVXA
@AL0001,Ugz8hIaw_6Q_Sp2vr0l4AaABAg,"Lumayan lahüòÇ",109,https://www.youtube.com/watch?v=ZRs7rhUcVXA,Pakai Teknologi Deepfake  Akun Ini Buat Bingung Jutaan Pengguna TikTok | tvOne Minute,ZRs7rhUcVXA
@arkanza192,UgwYbZ7U1HycNYWnoSl4AaABAg,"bahaya tuh deepfake apalagi buat +62 yg bar, gak aneh klo ada yg langsung gunain nih sistem buat kejahatan dll dan buat banyak korban.",109,https://www.youtube.com/watch?v=ZRs7rhUcVXA,Pakai Teknologi Deepfake  Akun Ini Buat Bingung Jutaan Pengguna TikTok | tvOne Minute,ZRs7rhUcVXA
@moezreen8615,UgwegdxqFdWHYLkocLV4AaABAg,"Kearifan lokal üòÇ",109,https://www.youtube.com/watch?v=ZRs7rhUcVXA,Pakai Teknologi Deepfake  Akun Ini Buat Bingung Jutaan Pengguna TikTok | tvOne Minute,ZRs7rhUcVXA
@agungwahyudi460,UgzZYORaGaqnkx9jA4N4AaABAg,"Holla",109,https://www.youtube.com/watch?v=ZRs7rhUcVXA,Pakai Teknologi Deepfake  Akun Ini Buat Bingung Jutaan Pengguna TikTok | tvOne Minute,ZRs7rhUcVXA
@bangkitrc8693,UgwP1iZPLKRDlCb0E6R4AaABAg,"Di salah gunakan jadi fitnah nantinya....",109,https://www.youtube.com/watch?v=ZRs7rhUcVXA,Pakai Teknologi Deepfake  Akun Ini Buat Bingung Jutaan Pengguna TikTok | tvOne Minute,ZRs7rhUcVXA
@tsaiing-wen2099,UgyF1eMk3B-_TVRiQ854AaABAg.9KQt_hJcxb59KQveTwqwpm,"Kalo ga pernah atau jarang upload foto ke internet/medsos insyaallah akan aman2 aja.",109,https://www.youtube.com/watch?v=ZRs7rhUcVXA,Pakai Teknologi Deepfake  Akun Ini Buat Bingung Jutaan Pengguna TikTok | tvOne Minute,ZRs7rhUcVXA
@foralizatengku9071,UgzkWzvA_8VneMmyrwd4AaABAg.9KQlswFDHkd9KQsUNH5lb8,"Iya bang kebodohan haqiqi",109,https://www.youtube.com/watch?v=ZRs7rhUcVXA,Pakai Teknologi Deepfake  Akun Ini Buat Bingung Jutaan Pengguna TikTok | tvOne Minute,ZRs7rhUcVXA
@eddykapasibu7899,UgxwkArRpyuIttGFBFp4AaABAg.9KQk11ioC0t9eX-JqZXMbZ,"ada teknologi morph cut yg bisa edit tanpa bekas.",109,https://www.youtube.com/watch?v=ZRs7rhUcVXA,Pakai Teknologi Deepfake  Akun Ini Buat Bingung Jutaan Pengguna TikTok | tvOne Minute,ZRs7rhUcVXA
@abuAA,UgzwLkuXfAARRVCFTr94AaABAg.9KQgJEHSwTK9RFLPHYZqZN,"@khenzakhenza8774 ya, film cina cuma gak jauh dri kungfu doank",109,https://www.youtube.com/watch?v=ZRs7rhUcVXA,Pakai Teknologi Deepfake  Akun Ini Buat Bingung Jutaan Pengguna TikTok | tvOne Minute,ZRs7rhUcVXA
@khenzakhenza8774,UgzwLkuXfAARRVCFTr94AaABAg.9KQgJEHSwTK9R0TAIjuPi-,"Hobinya tembak tembakan",109,https://www.youtube.com/watch?v=ZRs7rhUcVXA,Pakai Teknologi Deepfake  Akun Ini Buat Bingung Jutaan Pengguna TikTok | tvOne Minute,ZRs7rhUcVXA
@abuAA,UgzwLkuXfAARRVCFTr94AaABAg.9KQgJEHSwTK9KaIeJoOJ7B,"@sasasume4508 tapi film tetap dlm produksi holiwood kan bro?.. üòÅ",109,https://www.youtube.com/watch?v=ZRs7rhUcVXA,Pakai Teknologi Deepfake  Akun Ini Buat Bingung Jutaan Pengguna TikTok | tvOne Minute,ZRs7rhUcVXA
@sasasume4508,UgzwLkuXfAARRVCFTr94AaABAg.9KQgJEHSwTK9K_hf2yZVO7,"Fakta : Tapi tom cruise pernah acting di shanghai, china ( MI3 )",109,https://www.youtube.com/watch?v=ZRs7rhUcVXA,Pakai Teknologi Deepfake  Akun Ini Buat Bingung Jutaan Pengguna TikTok | tvOne Minute,ZRs7rhUcVXA
@user-qz2ly2mr8w,UgzwLkuXfAARRVCFTr94AaABAg.9KQgJEHSwTK9KQs9xjmzGz,"@abuAA üëçüëçüëç",109,https://www.youtube.com/watch?v=ZRs7rhUcVXA,Pakai Teknologi Deepfake  Akun Ini Buat Bingung Jutaan Pengguna TikTok | tvOne Minute,ZRs7rhUcVXA
@abuAA,UgzwLkuXfAARRVCFTr94AaABAg.9KQgJEHSwTK9KQrb3UtY2q,"@user-qz2ly2mr8w apa aja deh, yg penting jangan dari CHINA. üòÑ",109,https://www.youtube.com/watch?v=ZRs7rhUcVXA,Pakai Teknologi Deepfake  Akun Ini Buat Bingung Jutaan Pengguna TikTok | tvOne Minute,ZRs7rhUcVXA
@abuAA,UgzwLkuXfAARRVCFTr94AaABAg.9KQgJEHSwTK9KQrYPr-OTV,"@genuissr tapi itu cuma saat acting film holiwood üòÅ",109,https://www.youtube.com/watch?v=ZRs7rhUcVXA,Pakai Teknologi Deepfake  Akun Ini Buat Bingung Jutaan Pengguna TikTok | tvOne Minute,ZRs7rhUcVXA
@user-qz2ly2mr8w,UgzwLkuXfAARRVCFTr94AaABAg.9KQgJEHSwTK9KQqkXtjtf_,"Dia sukanya buatan Paris ye Bro...üòÄü§£ü§™",109,https://www.youtube.com/watch?v=ZRs7rhUcVXA,Pakai Teknologi Deepfake  Akun Ini Buat Bingung Jutaan Pengguna TikTok | tvOne Minute,ZRs7rhUcVXA
@genuissr,UgzwLkuXfAARRVCFTr94AaABAg.9KQgJEHSwTK9KQkB0Dlikp,"dia hobby terjun dari pesawat",109,https://www.youtube.com/watch?v=ZRs7rhUcVXA,Pakai Teknologi Deepfake  Akun Ini Buat Bingung Jutaan Pengguna TikTok | tvOne Minute,ZRs7rhUcVXA
@danielaritonang7989,UgxshwIr4cbrM76k1lZ4AaABAg.9KQff1jOSmX9KQrpYoMxqT,"@genuissr hahah betul",109,https://www.youtube.com/watch?v=ZRs7rhUcVXA,Pakai Teknologi Deepfake  Akun Ini Buat Bingung Jutaan Pengguna TikTok | tvOne Minute,ZRs7rhUcVXA
@Day.Stick.69,UgxOX5zrsw_xdo2dxDR4AaABAg,"Paman saya itu tom",109,https://www.youtube.com/watch?v=ZRs7rhUcVXA,Pakai Teknologi Deepfake  Akun Ini Buat Bingung Jutaan Pengguna TikTok | tvOne Minute,ZRs7rhUcVXA
@redwhitejurrevs5719,UgxTJeGk9mUXjUstuud4AaABAg,"sodara jauh w",109,https://www.youtube.com/watch?v=ZRs7rhUcVXA,Pakai Teknologi Deepfake  Akun Ini Buat Bingung Jutaan Pengguna TikTok | tvOne Minute,ZRs7rhUcVXA
@muhammadhanafi847,UgyXWlMrlcVJPUAUhcV4AaABAg,"TOM KURUSüòé",109,https://www.youtube.com/watch?v=ZRs7rhUcVXA,Pakai Teknologi Deepfake  Akun Ini Buat Bingung Jutaan Pengguna TikTok | tvOne Minute,ZRs7rhUcVXA
@irakamal7495,Ugw2-B3oHmEm7fMrlBd4AaABAg,"Bahaya dong..",109,https://www.youtube.com/watch?v=ZRs7rhUcVXA,Pakai Teknologi Deepfake  Akun Ini Buat Bingung Jutaan Pengguna TikTok | tvOne Minute,ZRs7rhUcVXA
@tangandiatas7876,UgwDrWLiBK5ahgn7GqJ4AaABAg,"Pantas aja HRS di edit yang bukan2",109,https://www.youtube.com/watch?v=ZRs7rhUcVXA,Pakai Teknologi Deepfake  Akun Ini Buat Bingung Jutaan Pengguna TikTok | tvOne Minute,ZRs7rhUcVXA
@ahmadbashar4346,UgzZyANuOZfQVc2Kdsh4AaABAg,"ini teknologi berpotensi sangat berbahaya...bagaimana kalau seolah olah seorang presiden yg memberi perintah peuncuran rudal nuklir?...",109,https://www.youtube.com/watch?v=ZRs7rhUcVXA,Pakai Teknologi Deepfake  Akun Ini Buat Bingung Jutaan Pengguna TikTok | tvOne Minute,ZRs7rhUcVXA
@rahayuhadiastuti5067,UgzXZ6-yCHS2Kca7tIN4AaABAg,"Tom cruise asli wajahny sdh tua ..klo ini msh muda...maklum fans sejati...üíö",109,https://www.youtube.com/watch?v=ZRs7rhUcVXA,Pakai Teknologi Deepfake  Akun Ini Buat Bingung Jutaan Pengguna TikTok | tvOne Minute,ZRs7rhUcVXA
@karamiso1971,UgySoUsP5B-wcXhbCZ54AaABAg,"Tiktok diluar negeri lbih baik ketimbang lokal",109,https://www.youtube.com/watch?v=ZRs7rhUcVXA,Pakai Teknologi Deepfake  Akun Ini Buat Bingung Jutaan Pengguna TikTok | tvOne Minute,ZRs7rhUcVXA
@MRCHANNEL2123,UgwzQmHGqosddY-YzY14AaABAg,"gw liat ada juga Lord putin üòÇ",109,https://www.youtube.com/watch?v=ZRs7rhUcVXA,Pakai Teknologi Deepfake  Akun Ini Buat Bingung Jutaan Pengguna TikTok | tvOne Minute,ZRs7rhUcVXA
@bluesunset9518,UgyFQi_ztZVXqI8Utqt4AaABAg,"Ini wajah tahun berapa. Muda amat",109,https://www.youtube.com/watch?v=ZRs7rhUcVXA,Pakai Teknologi Deepfake  Akun Ini Buat Bingung Jutaan Pengguna TikTok | tvOne Minute,ZRs7rhUcVXA
@widodosubagyo4977,Ugy1vYAEgpFpF6JqYFV4AaABAg,"aplikasi deepfake dibeberapa negara sudah mulai dilarang penggunaanya",109,https://www.youtube.com/watch?v=ZRs7rhUcVXA,Pakai Teknologi Deepfake  Akun Ini Buat Bingung Jutaan Pengguna TikTok | tvOne Minute,ZRs7rhUcVXA
@mukhammadsyafiudin9685,UgzsGh8-UlaMfAin8ed4AaABAg,"Awas yang lagi pdkt melalui media online filter sekarang keras cuk",109,https://www.youtube.com/watch?v=ZRs7rhUcVXA,Pakai Teknologi Deepfake  Akun Ini Buat Bingung Jutaan Pengguna TikTok | tvOne Minute,ZRs7rhUcVXA
@mendebarkan1582,UgwkfCwrLum8XXFrET94AaABAg,"Pantas saja HRS diedit berduaan dikamar bareng Fierza.",109,https://www.youtube.com/watch?v=ZRs7rhUcVXA,Pakai Teknologi Deepfake  Akun Ini Buat Bingung Jutaan Pengguna TikTok | tvOne Minute,ZRs7rhUcVXA
@intelneraka.1087,UgxOCfJG9vQvyGNOCWZ4AaABAg,"netizen üáÆüá© Otw download Deepfakeü§£ü§£ü§£ü§£ü§£",109,https://www.youtube.com/watch?v=ZRs7rhUcVXA,Pakai Teknologi Deepfake  Akun Ini Buat Bingung Jutaan Pengguna TikTok | tvOne Minute,ZRs7rhUcVXA
@letterzw9923,UgwtOqzzPSq5eB4cuJl4AaABAg,"Di pke buat fitnah org",109,https://www.youtube.com/watch?v=ZRs7rhUcVXA,Pakai Teknologi Deepfake  Akun Ini Buat Bingung Jutaan Pengguna TikTok | tvOne Minute,ZRs7rhUcVXA
@hambaallah571,Ugw5ZMkeEaTgypPyQNN4AaABAg,"PULAU GILI KETAPANG, PROBOLINGGO, JAWA TIMURüáÆüá©",109,https://www.youtube.com/watch?v=ZRs7rhUcVXA,Pakai Teknologi Deepfake  Akun Ini Buat Bingung Jutaan Pengguna TikTok | tvOne Minute,ZRs7rhUcVXA
@okokbok614,UgwsvfGXK8Uh5SXkrpF4AaABAg,"YG BINGGUNG BUKAN GW.....KARENA GW ANTI TIKTOK...WKWKWKWK",109,https://www.youtube.com/watch?v=ZRs7rhUcVXA,Pakai Teknologi Deepfake  Akun Ini Buat Bingung Jutaan Pengguna TikTok | tvOne Minute,ZRs7rhUcVXA
@sukangegas437,UgzbgImsc_HX2Pv3SSN4AaABAg,"Bahaya ini",109,https://www.youtube.com/watch?v=ZRs7rhUcVXA,Pakai Teknologi Deepfake  Akun Ini Buat Bingung Jutaan Pengguna TikTok | tvOne Minute,ZRs7rhUcVXA
@ahiungsulaiman6843,UgxIvoSAt6NUAsrOxvt4AaABAg.9KQca7qTmCP9KQtva83JT8,"Cepat bikin trowongan bro, sembunyi di tanah selamanyaü§£",109,https://www.youtube.com/watch?v=ZRs7rhUcVXA,Pakai Teknologi Deepfake  Akun Ini Buat Bingung Jutaan Pengguna TikTok | tvOne Minute,ZRs7rhUcVXA
@endterendterancizz7799,UgxIvoSAt6NUAsrOxvt4AaABAg.9KQca7qTmCP9KQlvokAhAx,"Efek kencing onta emang buat orang halusinasi",109,https://www.youtube.com/watch?v=ZRs7rhUcVXA,Pakai Teknologi Deepfake  Akun Ini Buat Bingung Jutaan Pengguna TikTok | tvOne Minute,ZRs7rhUcVXA
@genuissr,UgxOCfJG9vQvyGNOCWZ4AaABAg.9KQZab38jqs9KQk_PGE5-m,"@muhammadsalim2131  dah lah",109,https://www.youtube.com/watch?v=ZRs7rhUcVXA,Pakai Teknologi Deepfake  Akun Ini Buat Bingung Jutaan Pengguna TikTok | tvOne Minute,ZRs7rhUcVXA
@muhammadsalim2131,UgxOCfJG9vQvyGNOCWZ4AaABAg.9KQZab38jqs9KQjPtdS1Q3,"Wkwkw ntar jadi 19 detik üòÇ",109,https://www.youtube.com/watch?v=ZRs7rhUcVXA,Pakai Teknologi Deepfake  Akun Ini Buat Bingung Jutaan Pengguna TikTok | tvOne Minute,ZRs7rhUcVXA
@ahiungsulaiman6843,UgwkfCwrLum8XXFrET94AaABAg.9KQXxrLfpej9KQugtKiamO,"Hahahaha, sudahlah iklaskan saja üòÅ",109,https://www.youtube.com/watch?v=ZRs7rhUcVXA,Pakai Teknologi Deepfake  Akun Ini Buat Bingung Jutaan Pengguna TikTok | tvOne Minute,ZRs7rhUcVXA
@katakansayaganteng8455,UgySoUsP5B-wcXhbCZ54AaABAg.9KQOlqO1pAQ9LrIBTO_OlB,"@muhyusufputrah8280  wkwwk mabuk semuaüòÇ",109,https://www.youtube.com/watch?v=ZRs7rhUcVXA,Pakai Teknologi Deepfake  Akun Ini Buat Bingung Jutaan Pengguna TikTok | tvOne Minute,ZRs7rhUcVXA
@muhyusufputrah8280,UgySoUsP5B-wcXhbCZ54AaABAg.9KQOlqO1pAQ9Lr9Uv_b6x2,"@katakansayaganteng8455  jangankan joget cringe, joget bancipun lengkap diindoüòÇ",109,https://www.youtube.com/watch?v=ZRs7rhUcVXA,Pakai Teknologi Deepfake  Akun Ini Buat Bingung Jutaan Pengguna TikTok | tvOne Minute,ZRs7rhUcVXA
@katakansayaganteng8455,UgySoUsP5B-wcXhbCZ54AaABAg.9KQOlqO1pAQ9Lr5RsK0ZgC,"@muhyusufputrah8280  joget joget cringe",109,https://www.youtube.com/watch?v=ZRs7rhUcVXA,Pakai Teknologi Deepfake  Akun Ini Buat Bingung Jutaan Pengguna TikTok | tvOne Minute,ZRs7rhUcVXA
@JUST.A.HUMANE,UgySoUsP5B-wcXhbCZ54AaABAg.9KQOlqO1pAQ9KQyheoU8Rc,"Ya, disini hanya karena joget'an bisa viral üòÇ",109,https://www.youtube.com/watch?v=ZRs7rhUcVXA,Pakai Teknologi Deepfake  Akun Ini Buat Bingung Jutaan Pengguna TikTok | tvOne Minute,ZRs7rhUcVXA
@wandezchannelofficial28,UgySoUsP5B-wcXhbCZ54AaABAg.9KQOlqO1pAQ9KQomUlQdW2,"Malah bahaya bos niruin/kloning wajah orang lain",109,https://www.youtube.com/watch?v=ZRs7rhUcVXA,Pakai Teknologi Deepfake  Akun Ini Buat Bingung Jutaan Pengguna TikTok | tvOne Minute,ZRs7rhUcVXA
@muhyusufputrah8280,UgySoUsP5B-wcXhbCZ54AaABAg.9KQOlqO1pAQ9KQfsxy_Yvu,"Lah iyalah, indonesia joget smua baik cwe maupun laki",109,https://www.youtube.com/watch?v=ZRs7rhUcVXA,Pakai Teknologi Deepfake  Akun Ini Buat Bingung Jutaan Pengguna TikTok | tvOne Minute,ZRs7rhUcVXA
@trisorakencana9800,UgzXZ6-yCHS2Kca7tIN4AaABAg.9KQNw5j6mRA9KTTdqZLVF9,"Gua juga fans nya tom cruise neng. Hehe üòÅ",109,https://www.youtube.com/watch?v=ZRs7rhUcVXA,Pakai Teknologi Deepfake  Akun Ini Buat Bingung Jutaan Pengguna TikTok | tvOne Minute,ZRs7rhUcVXA
@james.cookUK,UgzXZ6-yCHS2Kca7tIN4AaABAg.9KQNw5j6mRA9KQySKJK6u0,"Tapi agak sulit di bedain",109,https://www.youtube.com/watch?v=ZRs7rhUcVXA,Pakai Teknologi Deepfake  Akun Ini Buat Bingung Jutaan Pengguna TikTok | tvOne Minute,ZRs7rhUcVXA
@ahiungsulaiman6843,Ugz4WoFohEV6nr7j6gB4AaABAg.9KQNrBJBNiF9KQuOQLnt1U,"Wah seru berrarti hoax akan mengalami kemajuan pesat",109,https://www.youtube.com/watch?v=ZRs7rhUcVXA,Pakai Teknologi Deepfake  Akun Ini Buat Bingung Jutaan Pengguna TikTok | tvOne Minute,ZRs7rhUcVXA
@papaalfred6100,Ugz4WoFohEV6nr7j6gB4AaABAg.9KQNrBJBNiF9KQgS8gtZSz,"Cepat tanggap aja!!!",109,https://www.youtube.com/watch?v=ZRs7rhUcVXA,Pakai Teknologi Deepfake  Akun Ini Buat Bingung Jutaan Pengguna TikTok | tvOne Minute,ZRs7rhUcVXA
@papaalfred6100,Ugz4WoFohEV6nr7j6gB4AaABAg.9KQNrBJBNiF9KQgR7U_uKC,"Bener tuh!!!!!!",109,https://www.youtube.com/watch?v=ZRs7rhUcVXA,Pakai Teknologi Deepfake  Akun Ini Buat Bingung Jutaan Pengguna TikTok | tvOne Minute,ZRs7rhUcVXA
@Goodgame.-,UgzZyANuOZfQVc2Kdsh4AaABAg.9KQNpxG9MR99KQtsVLcUZE,"Jadi teringat film action buatan amerika",109,https://www.youtube.com/watch?v=ZRs7rhUcVXA,Pakai Teknologi Deepfake  Akun Ini Buat Bingung Jutaan Pengguna TikTok | tvOne Minute,ZRs7rhUcVXA
@goblokpakelol7445,UgzZyANuOZfQVc2Kdsh4AaABAg.9KQNpxG9MR99KQaBoDrKxC,"Iya gan sangat10000 berbahaya",109,https://www.youtube.com/watch?v=ZRs7rhUcVXA,Pakai Teknologi Deepfake  Akun Ini Buat Bingung Jutaan Pengguna TikTok | tvOne Minute,ZRs7rhUcVXA
@ahiungsulaiman6843,UgwDrWLiBK5ahgn7GqJ4AaABAg.9KQNUSbapQ29KQw3yBiJwq,"@tangandiatas7876 ü§£ü§£ü§£",109,https://www.youtube.com/watch?v=ZRs7rhUcVXA,Pakai Teknologi Deepfake  Akun Ini Buat Bingung Jutaan Pengguna TikTok | tvOne Minute,ZRs7rhUcVXA
@tangandiatas7876,UgwDrWLiBK5ahgn7GqJ4AaABAg.9KQNUSbapQ29KQuxWLJ3L5,"@ahiungsulaiman6843  yg salah kabur itu kau yg pakai nama islam dan akun palsu, ternyata kau yg salah kamarü§¶‚Äç‚ôÇü§¶‚Äç‚ôÇ",109,https://www.youtube.com/watch?v=ZRs7rhUcVXA,Pakai Teknologi Deepfake  Akun Ini Buat Bingung Jutaan Pengguna TikTok | tvOne Minute,ZRs7rhUcVXA
@tangandiatas7876,UgwDrWLiBK5ahgn7GqJ4AaABAg.9KQNUSbapQ29KQuaYKK5fJ,"@AL0001  sudah baxak bukti pengeditan HRS yg merugikan nama beliau",109,https://www.youtube.com/watch?v=ZRs7rhUcVXA,Pakai Teknologi Deepfake  Akun Ini Buat Bingung Jutaan Pengguna TikTok | tvOne Minute,ZRs7rhUcVXA
@ahiungsulaiman6843,UgwDrWLiBK5ahgn7GqJ4AaABAg.9KQNUSbapQ29KQuDMWVtzw,"Pftt salah kamar tong,ü§£, tom cruise temanya aktor besar hollwood, bukan yg suka kaburüòÅ",109,https://www.youtube.com/watch?v=ZRs7rhUcVXA,Pakai Teknologi Deepfake  Akun Ini Buat Bingung Jutaan Pengguna TikTok | tvOne Minute,ZRs7rhUcVXA
@AL0001,UgwDrWLiBK5ahgn7GqJ4AaABAg.9KQNUSbapQ29KQu5ZEJX0c,"Mana ada di indonesia,bisa bikin gituüòÇ butuh spec tinggi bro ,memang nya segampang itu? Download aplikasi terus di tambahin muka orangü§£",109,https://www.youtube.com/watch?v=ZRs7rhUcVXA,Pakai Teknologi Deepfake  Akun Ini Buat Bingung Jutaan Pengguna TikTok | tvOne Minute,ZRs7rhUcVXA
@Goodgame.-,UgwDrWLiBK5ahgn7GqJ4AaABAg.9KQNUSbapQ29KQtgxjKo-6,"Nitip jejak gan",109,https://www.youtube.com/watch?v=ZRs7rhUcVXA,Pakai Teknologi Deepfake  Akun Ini Buat Bingung Jutaan Pengguna TikTok | tvOne Minute,ZRs7rhUcVXA
@ahiungsulaiman6843,UgxTJeGk9mUXjUstuud4AaABAg.9KQKOL7QIgF9KQuTR7bIeq,"Nyaris tidak terlihat saking jauhnya",109,https://www.youtube.com/watch?v=ZRs7rhUcVXA,Pakai Teknologi Deepfake  Akun Ini Buat Bingung Jutaan Pengguna TikTok | tvOne Minute,ZRs7rhUcVXA
@ayamgeprek6262,UgxTJeGk9mUXjUstuud4AaABAg.9KQKOL7QIgF9KQM2zFgxRu,"yoi jauh banget broo :)))))",109,https://www.youtube.com/watch?v=ZRs7rhUcVXA,Pakai Teknologi Deepfake  Akun Ini Buat Bingung Jutaan Pengguna TikTok | tvOne Minute,ZRs7rhUcVXA
@netizen2411,UgwUDAJFBk5I4dG5_T14AaABAg,"ok",109,https://www.youtube.com/watch?v=ZRs7rhUcVXA,Pakai Teknologi Deepfake  Akun Ini Buat Bingung Jutaan Pengguna TikTok | tvOne Minute,ZRs7rhUcVXA
@maynote1452,UgweDhShSG-s6p8Cblp4AaABAg,"Njir mirip dong",109,https://www.youtube.com/watch?v=ZRs7rhUcVXA,Pakai Teknologi Deepfake  Akun Ini Buat Bingung Jutaan Pengguna TikTok | tvOne Minute,ZRs7rhUcVXA
